2013-04-17 19:00:04;11.76;401.00;30.40;53.10;30.10;50.90;30.40;54.00;190006.000;1536.4394;S;05603.7268;W;2;8;1.13;177.6;M;
2013-04-17 19:00:09;11.76;401.00;30.40;53.10;30.20;50.90;30.50;54.20;190011.000;1536.4394;S;05603.7268;W;2;8;1.03;177.6;M;
2013-04-17 19:00:14;11.76;401.00;30.50;53.00;30.20;51.10;30.60;54.20;190016.000;1536.4359;S;05603.7292;W;2;8;1.03;176.7;M;
2013-04-17 19:00:19;11.76;401.00;30.40;53.70;30.20;52.10;30.60;54.90;190021.000;1536.4333;S;05603.7314;W;2;8;1.03;176.6;M;
2013-04-17 19:00:24;11.76;400.00;30.60;55.10;30.20;53.80;30.60;56.30;190026.000;1536.4308;S;05603.7337;W;2;9;0.97;177.4;M;
2013-04-17 19:00:29;11.76;401.00;30.50;54.50;30.30;52.10;30.70;55.30;190031.000;1536.4280;S;05603.7355;W;2;9;0.97;177.4;M;
2013-04-17 19:00:34;11.76;401.00;30.60;53.80;30.30;51.30;30.80;54.40;190036.000;1536.4256;S;05603.7375;W;2;9;0.97;177.8;M;
2013-04-17 19:00:39;11.76;401.00;30.70;53.70;30.40;51.40;30.80;53.50;190041.000;1536.4235;S;05603.7399;W;2;9;0.97;178.2;M;
2013-04-17 19:00:44;11.76;400.00;30.60;53.40;30.40;50.90;30.90;53.10;190046.000;1536.4215;S;05603.7425;W;2;9;0.97;178.2;M;
2013-04-17 19:00:49;11.76;400.00;30.70;53.00;30.40;50.80;30.80;53.20;190051.000;1536.4197;S;05603.7455;W;2;9;0.97;177.6;M;
2013-04-17 19:00:54;11.76;400.00;30.60;53.20;30.40;50.80;30.80;53.50;190056.000;1536.4175;S;05603.7479;W;2;9;0.97;176.6;M;
2013-04-17 19:00:59;11.76;400.00;30.70;52.80;30.40;50.30;30.80;53.20;190101.000;1536.4153;S;05603.7499;W;2;9;0.97;177.2;M;
2013-04-17 19:01:04;11.76;400.00;30.60;53.00;30.40;50.50;30.70;53.40;190106.000;1536.4134;S;05603.7524;W;2;9;0.97;177.5;M;
2013-04-17 19:01:09;11.76;400.00;30.60;53.00;30.40;50.50;30.70;53.70;190111.000;1536.4113;S;05603.7549;W;2;9;0.97;176.6;M;
2013-04-17 19:01:14;11.76;400.00;30.60;53.00;30.40;50.70;30.70;53.90;190116.000;1536.4090;S;05603.7577;W;2;9;0.97;176.4;M;
2013-04-17 19:01:19;11.76;400.00;30.60;53.30;30.30;50.90;30.60;54.00;190121.000;1536.4078;S;05603.7607;W;2;8;1.03;176.4;M;
2013-04-17 19:01:24;11.76;400.00;30.40;53.00;30.30;50.70;30.40;53.90;190126.000;1536.4064;S;05603.7634;W;2;9;0.97;176.6;M;
2013-04-17 19:01:29;11.76;400.00;30.30;53.30;30.20;51.30;30.40;54.40;190131.000;1536.4044;S;05603.7657;W;2;9;0.97;176.6;M;
2013-04-17 19:01:34;11.76;400.00;30.40;53.70;30.20;51.50;30.50;54.40;190136.000;1536.4026;S;05603.7684;W;2;9;0.97;176.1;M;
2013-04-17 19:01:39;11.75;401.00;30.40;53.80;30.20;51.70;30.50;54.40;190141.000;1536.4002;S;05603.7712;W;2;9;0.97;176.0;M;
2013-04-17 19:01:44;11.76;400.00;30.40;54.10;30.20;51.90;30.50;54.60;190146.000;1536.3980;S;05603.7737;W;2;9;0.97;176.4;M;
2013-04-17 19:01:49;11.76;400.00;30.50;53.90;30.30;51.50;30.60;54.70;190151.000;1536.3959;S;05603.7763;W;2;9;0.97;176.3;M;
2013-04-17 19:01:54;11.76;401.00;30.50;54.10;30.30;51.70;30.60;54.50;190156.000;1536.3940;S;05603.7789;W;2;9;0.97;176.6;M;
2013-04-17 19:01:59;11.76;400.00;30.50;54.10;30.30;52.40;30.70;54.60;190201.000;1536.3922;S;05603.7813;W;2;9;0.97;176.3;M;
2013-04-17 19:02:04;11.76;400.00;30.50;54.30;30.30;52.60;30.70;54.20;190206.000;1536.3898;S;05603.7839;W;2;8;1.08;175.8;M;
2013-04-17 19:02:09;11.76;400.00;30.50;54.20;30.40;52.00;30.70;54.20;190211.000;1536.3876;S;05603.7858;W;2;8;1.08;175.5;M;
2013-04-17 19:02:14;11.76;400.00;30.50;53.80;30.40;52.20;30.60;54.70;190216.000;1536.3861;S;05603.7889;W;2;9;0.92;175.6;M;
2013-04-17 19:02:19;11.76;401.00;30.50;54.00;30.40;51.70;30.70;54.80;190221.000;1536.3854;S;05603.7924;W;2;9;0.92;176.8;M;
2013-04-17 19:02:24;11.76;401.00;30.50;53.90;30.30;51.70;30.70;55.10;190226.000;1536.3844;S;05603.7953;W;2;9;0.97;177.6;M;
2013-04-17 19:02:29;11.76;401.00;30.50;54.20;30.30;52.60;30.60;56.10;190231.000;1536.3860;S;05603.7981;W;2;9;0.97;176.8;M;
2013-04-17 19:02:34;11.76;401.00;30.40;54.90;30.30;53.40;30.60;56.00;190236.000;1536.3882;S;05603.8011;W;2;9;0.97;176.1;M;
2013-04-17 19:02:39;11.76;401.00;30.40;55.50;30.30;53.80;30.60;56.40;190241.000;1536.3903;S;05603.8034;W;2;8;1.08;175.9;M;
2013-04-17 19:02:44;11.76;401.00;30.40;56.00;30.30;53.40;30.70;55.90;190246.000;1536.3925;S;05603.8062;W;2;9;0.97;176.3;M;
2013-04-17 19:02:49;11.76;401.00;30.50;55.60;30.40;53.10;30.70;56.30;190251.000;1536.3942;S;05603.8090;W;2;9;0.97;175.4;M;
2013-04-17 19:02:54;11.76;401.00;30.50;55.40;30.40;52.90;30.70;55.30;190256.000;1536.3962;S;05603.8115;W;2;9;0.97;174.2;M;
2013-04-17 19:02:59;11.75;401.00;30.50;55.00;30.50;52.60;30.70;55.30;190301.000;1536.3982;S;05603.8141;W;2;9;0.97;173.1;M;
2013-04-17 19:03:04;11.76;401.00;30.50;54.90;30.50;52.60;30.80;55.40;190306.000;1536.4004;S;05603.8166;W;2;9;0.97;171.8;M;
2013-04-17 19:03:09;11.76;400.00;30.60;55.00;30.50;52.80;30.80;55.30;190311.000;1536.4025;S;05603.8194;W;2;9;0.97;170.8;M;
2013-04-17 19:03:14;11.76;401.00;30.60;55.10;30.40;52.70;30.70;55.70;190316.000;1536.4044;S;05603.8217;W;2;10;0.81;170.1;M;
2013-04-17 19:03:19;11.76;401.00;30.60;55.30;30.50;53.00;30.70;55.80;190321.000;1536.4066;S;05603.8244;W;2;10;0.81;170.2;M;
2013-04-17 19:03:24;11.76;401.00;30.60;55.60;30.50;53.80;30.70;57.20;190326.000;1536.4085;S;05603.8268;W;2;9;0.97;169.5;M;
2013-04-17 19:03:29;11.76;401.00;30.60;55.90;30.50;54.40;30.70;57.50;190331.000;1536.4105;S;05603.8291;W;2;9;0.97;168.9;M;
2013-04-17 19:03:34;11.76;402.00;30.60;56.90;30.40;55.10;30.60;58.00;190336.000;1536.4126;S;05603.8317;W;2;10;0.81;167.6;M;
2013-04-17 19:03:39;11.76;401.00;30.50;56.80;30.40;54.10;30.60;57.80;190341.000;1536.4144;S;05603.8347;W;2;10;0.81;167.9;M;
2013-04-17 19:03:44;11.76;401.00;30.60;57.40;30.40;55.40;30.60;58.50;190346.000;1536.4167;S;05603.8372;W;2;9;0.97;168.4;M;
2013-04-17 19:03:49;11.76;401.00;30.50;57.50;30.40;55.70;30.60;58.60;190351.000;1536.4186;S;05603.8396;W;2;10;0.81;168.4;M;
2013-04-17 19:03:54;11.75;402.00;30.50;57.30;30.30;55.30;30.40;57.90;190356.000;1536.4210;S;05603.8425;W;2;10;0.81;168.7;M;
2013-04-17 19:03:59;11.76;401.00;30.50;57.20;30.30;54.60;30.40;56.70;190401.000;1536.4232;S;05603.8453;W;2;8;1.13;169.0;M;
2013-04-17 19:04:04;11.76;401.00;30.50;56.40;30.30;53.50;30.40;56.80;190406.000;1536.4252;S;05603.8475;W;2;10;0.81;168.8;M;
2013-04-17 19:04:09;11.76;401.00;30.50;56.30;30.30;53.60;30.40;56.70;190411.000;1536.4272;S;05603.8502;W;2;10;0.81;168.7;M;
2013-04-17 19:04:14;11.76;401.00;30.50;55.90;30.30;53.40;30.40;56.80;190416.000;1536.4295;S;05603.8529;W;2;9;0.96;168.6;M;
2013-04-17 19:04:19;11.75;401.00;30.60;57.20;30.40;56.20;30.50;58.70;190421.000;1536.4317;S;05603.8558;W;2;10;0.81;168.6;M;
2013-04-17 19:04:24;11.75;402.00;30.70;58.10;30.40;56.40;30.60;59.30;190426.000;1536.4339;S;05603.8582;W;2;10;0.81;168.1;M;
2013-04-17 19:04:29;11.76;402.00;30.70;57.60;30.50;55.30;30.70;57.20;190431.000;1536.4363;S;05603.8611;W;2;10;0.81;168.2;M;
2013-04-17 19:04:34;11.76;402.00;30.80;57.10;30.60;54.40;30.80;56.60;190436.000;1536.4387;S;05603.8635;W;2;10;0.81;168.4;M;
2013-04-17 19:04:39;11.76;402.00;30.80;56.80;30.60;54.10;30.80;57.00;190441.000;1536.4410;S;05603.8654;W;2;10;0.81;168.8;M;
2013-04-17 19:04:44;11.75;402.00;30.80;55.60;30.60;52.70;30.80;55.50;190446.000;1536.4429;S;05603.8682;W;2;10;0.81;169.4;M;
2013-04-17 19:04:49;11.75;402.00;30.90;55.40;30.70;52.80;30.80;55.50;190451.000;1536.4445;S;05603.8705;W;2;10;0.81;169.6;M;
2013-04-17 19:04:54;11.76;401.00;30.90;54.90;30.70;52.60;30.90;55.40;190456.000;1536.4465;S;05603.8736;W;2;10;0.81;170.8;M;
2013-04-17 19:04:59;11.76;401.00;31.00;55.00;30.80;52.60;31.00;56.60;190501.000;1536.4485;S;05603.8760;W;2;10;0.81;172.1;M;
2013-04-17 19:05:04;11.76;401.00;31.00;54.80;30.90;51.90;31.10;54.90;190506.000;1536.4510;S;05603.8783;W;2;10;0.81;173.6;M;
2013-04-17 19:05:09;11.75;402.00;31.10;54.30;30.90;51.30;31.10;53.80;190511.000;1536.4522;S;05603.8806;W;2;10;0.81;173.0;M;
2013-04-17 19:05:14;11.75;402.00;31.10;54.00;31.00;51.30;31.10;53.70;190516.000;1536.4537;S;05603.8833;W;2;10;0.81;173.9;M;
2013-04-17 19:05:19;11.76;402.00;31.10;53.60;31.00;51.40;31.20;54.50;190521.000;1536.4557;S;05603.8857;W;2;10;0.81;174.7;M;
2013-04-17 19:05:24;11.76;402.00;31.20;54.30;31.10;52.90;31.30;56.30;190526.000;1536.4575;S;05603.8882;W;2;9;0.87;174.8;M;
2013-04-17 19:05:29;11.76;402.00;31.20;54.40;31.10;52.70;31.30;56.20;190531.000;1536.4599;S;05603.8906;W;2;10;0.81;174.7;M;
2013-04-17 19:05:34;11.76;402.00;31.30;54.20;31.20;51.30;31.40;54.40;190536.000;1536.4623;S;05603.8934;W;2;10;0.81;174.3;M;
2013-04-17 19:05:39;11.75;402.00;31.30;53.90;31.20;50.80;31.40;54.20;190541.000;1536.4647;S;05603.8963;W;2;10;0.81;174.3;M;
2013-04-17 19:05:44;11.75;401.00;31.30;53.00;31.30;49.90;31.40;53.20;190546.000;1536.4668;S;05603.8987;W;2;9;0.90;174.3;M;
2013-04-17 19:05:49;11.75;402.00;31.40;52.40;31.30;49.50;31.40;53.70;190551.000;1536.4691;S;05603.9016;W;2;10;0.81;174.1;M;
2013-04-17 19:05:54;11.76;401.00;31.40;52.20;31.20;49.70;31.50;53.70;190556.000;1536.4709;S;05603.9043;W;2;10;0.81;173.7;M;
2013-04-17 19:05:59;11.75;401.00;31.40;52.10;31.30;49.90;31.50;54.40;190601.000;1536.4731;S;05603.9068;W;2;10;0.81;174.0;M;
2013-04-17 19:06:04;11.75;402.00;31.40;52.50;31.30;50.70;31.50;53.30;190606.000;1536.4750;S;05603.9096;W;2;10;0.81;173.6;M;
2013-04-17 19:06:09;11.75;402.00;31.50;52.30;31.30;50.20;31.50;52.90;190611.000;1536.4770;S;05603.9125;W;2;10;0.81;173.7;M;
2013-04-17 19:06:14;11.75;402.00;31.50;52.50;31.40;50.60;31.60;53.90;190616.000;1536.4783;S;05603.9153;W;2;10;0.81;173.6;M;
2013-04-17 19:06:19;11.76;402.00;31.50;52.70;31.40;50.20;31.60;52.30;190621.000;1536.4805;S;05603.9180;W;2;10;0.81;174.0;M;
2013-04-17 19:06:24;11.75;402.00;31.50;51.90;31.40;49.40;31.50;52.10;190626.000;1536.4829;S;05603.9208;W;2;10;0.81;174.5;M;
2013-04-17 19:06:29;11.75;402.00;31.50;51.80;31.40;49.10;31.60;52.00;190631.000;1536.4845;S;05603.9228;W;2;10;0.81;174.6;M;
2013-04-17 19:06:34;11.75;402.00;31.50;51.60;31.40;49.60;31.50;52.60;190636.000;1536.4860;S;05603.9250;W;2;10;0.81;174.5;M;
2013-04-17 19:06:39;11.75;403.00;31.50;51.30;31.40;48.90;31.50;51.70;190641.000;1536.4863;S;05603.9285;W;2;10;0.81;174.1;M;
2013-04-17 19:06:44;11.75;403.00;31.50;51.00;31.40;48.30;31.50;51.90;190646.000;1536.4841;S;05603.9314;W;2;10;0.81;173.8;M;
2013-04-17 19:06:49;11.75;403.00;31.50;51.00;31.40;48.20;31.50;52.20;190651.000;1536.4828;S;05603.9348;W;2;10;0.81;173.7;M;
2013-04-17 19:06:54;11.75;403.00;31.40;50.90;31.30;48.00;31.50;51.90;190656.000;1536.4805;S;05603.9373;W;2;10;0.81;173.4;M;
2013-04-17 19:06:59;11.75;403.00;31.40;51.30;31.20;48.70;31.40;52.40;190701.000;1536.4781;S;05603.9400;W;2;10;0.81;172.6;M;
2013-04-17 19:07:04;11.75;404.00;31.30;51.20;31.10;48.60;31.20;52.30;190706.000;1536.4761;S;05603.9424;W;2;10;0.81;172.0;M;
2013-04-17 19:07:09;11.75;403.00;31.20;51.20;31.10;48.50;31.30;52.20;190711.000;1536.4743;S;05603.9449;W;2;10;0.81;171.4;M;
2013-04-17 19:07:14;11.75;404.00;31.20;51.00;31.00;48.60;31.20;52.60;190716.000;1536.4729;S;05603.9480;W;2;10;0.81;171.1;M;
2013-04-17 19:07:19;11.75;404.00;31.20;51.20;31.10;49.00;31.20;52.50;190721.000;1536.4714;S;05603.9513;W;2;10;0.81;170.6;M;
2013-04-17 19:07:24;11.75;404.00;31.10;51.80;31.10;49.60;31.20;53.30;190726.000;1536.4710;S;05603.9548;W;2;10;0.81;170.1;M;
2013-04-17 19:07:29;11.75;404.00;31.10;52.10;31.10;50.00;31.20;53.00;190731.000;1536.4708;S;05603.9584;W;2;10;0.81;170.6;M;
2013-04-17 19:07:34;11.75;405.00;31.10;52.10;31.10;50.00;31.20;53.20;190736.000;1536.4712;S;05603.9622;W;2;10;0.81;170.8;M;
2013-04-17 19:07:39;11.76;405.00;31.20;53.90;31.10;52.60;31.30;56.40;190741.000;1536.4728;S;05603.9650;W;2;10;0.81;170.6;M;
2013-04-17 19:07:44;11.75;405.00;31.10;55.40;31.10;54.20;31.20;58.90;190746.000;1536.4751;S;05603.9678;W;2;10;0.81;170.2;M;
2013-04-17 19:07:49;11.75;405.00;31.10;57.40;31.00;56.20;31.10;59.40;190751.000;1536.4769;S;05603.9701;W;2;9;0.86;169.8;M;
2013-04-17 19:07:54;11.75;406.00;31.00;58.70;30.90;56.90;30.90;60.60;190756.000;1536.4787;S;05603.9718;W;2;10;0.81;169.1;M;
2013-04-17 19:07:59;11.75;406.00;31.00;58.40;30.90;54.70;30.80;56.30;190801.000;1536.4790;S;05603.9733;W;2;10;0.81;168.2;M;
2013-04-17 19:08:04;11.76;405.00;30.90;55.70;30.80;51.80;30.70;54.90;190806.000;1536.4797;S;05603.9760;W;2;10;0.81;166.8;M;
2013-04-17 19:08:09;11.75;406.00;30.80;55.20;30.80;52.60;30.60;55.50;190811.000;1536.4834;S;05603.9794;W;2;10;0.81;164.7;M;
2013-04-17 19:08:14;11.75;406.00;30.80;54.20;30.70;51.00;30.60;54.40;190816.000;1536.4874;S;05603.9823;W;2;8;0.92;162.8;M;
2013-04-17 19:08:19;11.75;406.00;30.70;53.40;30.70;50.40;30.50;54.10;190821.000;1536.4889;S;05603.9863;W;2;10;0.81;161.9;M;
2013-04-17 19:08:24;11.75;406.00;30.70;53.00;30.60;49.90;30.50;53.50;190826.000;1536.4920;S;05603.9887;W;2;10;0.81;162.8;M;
2013-04-17 19:08:29;11.75;406.00;30.70;52.40;30.60;49.20;30.50;53.10;190831.000;1536.4945;S;05603.9918;W;2;10;0.81;163.3;M;
2013-04-17 19:08:34;11.75;408.00;30.70;52.10;30.60;48.90;30.50;53.00;190836.000;1536.4968;S;05603.9944;W;2;10;0.81;163.6;M;
2013-04-17 19:08:39;11.75;407.00;30.60;51.90;30.60;48.90;30.50;52.90;190841.000;1536.4987;S;05603.9973;W;2;10;0.81;163.6;M;
2013-04-17 19:08:44;11.75;408.00;30.60;51.80;30.60;49.00;30.40;53.00;190846.000;1536.5005;S;05604.0001;W;2;10;0.81;163.9;M;
2013-04-17 19:08:49;11.75;409.00;30.60;51.90;30.60;49.10;30.40;53.10;190851.000;1536.5024;S;05604.0028;W;2;10;0.81;164.2;M;
2013-04-17 19:08:54;11.75;409.00;30.50;51.90;30.50;49.30;30.40;53.40;190856.000;1536.5042;S;05604.0054;W;2;10;0.81;164.3;M;
2013-04-17 19:08:59;11.76;409.00;30.50;52.20;30.50;49.70;30.40;53.60;190901.000;1536.5067;S;05604.0075;W;2;9;0.96;164.3;M;
2013-04-17 19:09:04;11.75;410.00;30.50;52.70;30.50;50.80;30.40;54.90;190906.000;1536.5101;S;05604.0076;W;2;10;0.81;164.5;M;
2013-04-17 19:09:09;11.75;410.00;30.50;53.10;30.50;50.90;30.40;54.50;190911.000;1536.5134;S;05604.0073;W;2;10;0.81;166.1;M;
2013-04-17 19:09:14;11.75;410.00;30.50;53.10;30.50;50.60;30.50;54.20;190916.000;1536.5168;S;05604.0061;W;2;10;0.81;166.8;M;
2013-04-17 19:09:19;11.75;411.00;30.60;52.90;30.60;50.30;30.60;54.00;190921.000;1536.5201;S;05604.0049;W;2;9;0.96;166.8;M;
2013-04-17 19:09:24;11.75;411.00;30.60;52.70;30.70;49.70;30.70;53.10;190926.000;1536.5233;S;05604.0045;W;2;9;0.96;167.2;M;
2013-04-17 19:09:29;11.75;412.00;30.70;52.60;30.80;49.80;30.80;53.00;190931.000;1536.5270;S;05604.0032;W;2;10;0.81;167.5;M;
2013-04-17 19:09:34;11.75;413.00;30.80;52.60;30.80;49.40;30.80;52.50;190936.000;1536.5297;S;05604.0017;W;2;10;0.81;168.0;M;
2013-04-17 19:09:39;11.73;413.00;30.80;51.90;30.90;48.60;30.90;52.30;190941.000;1536.5327;S;05603.9998;W;2;10;0.81;167.9;M;
2013-04-17 19:09:44;11.75;413.00;31.00;52.70;31.00;49.80;31.00;53.10;190946.000;1536.5352;S;05603.9977;W;2;10;0.81;168.4;M;
2013-04-17 19:09:49;11.76;414.00;31.00;51.90;31.10;48.40;31.00;52.00;190951.000;1536.5375;S;05603.9956;W;2;10;0.81;168.9;M;
2013-04-17 19:09:54;11.76;413.00;31.10;51.50;31.20;48.00;31.10;52.10;190956.000;1536.5399;S;05603.9932;W;2;10;0.81;169.1;M;
2013-04-17 19:09:59;11.76;415.00;31.20;51.50;31.30;48.20;31.30;51.90;191001.000;1536.5428;S;05603.9941;W;2;10;0.81;169.6;M;
2013-04-17 19:10:04;11.75;414.00;31.20;51.30;31.40;48.30;31.30;51.70;191006.000;1536.5456;S;05603.9937;W;2;10;0.81;170.1;M;
2013-04-17 19:10:09;11.76;416.00;31.30;50.80;31.40;47.40;31.40;50.90;191011.000;1536.5489;S;05603.9927;W;2;10;0.81;169.9;M;
2013-04-17 19:10:14;11.76;415.00;31.40;50.40;31.50;46.90;31.50;50.70;191016.000;1536.5516;S;05603.9933;W;2;10;0.81;170.5;M;
2013-04-17 19:10:19;11.76;415.00;31.40;50.00;31.50;46.70;31.50;50.20;191021.000;1536.5540;S;05603.9956;W;2;10;0.81;170.0;M;
2013-04-17 19:10:24;11.76;415.00;31.30;49.80;31.50;46.40;31.40;50.20;191026.000;1536.5566;S;05603.9975;W;2;10;0.81;170.1;M;
2013-04-17 19:10:29;11.76;415.00;31.30;49.60;31.40;46.40;31.40;50.40;191031.000;1536.5590;S;05603.9991;W;2;10;0.81;169.5;M;
2013-04-17 19:10:34;11.76;416.00;31.30;49.70;31.40;46.50;31.20;50.80;191036.000;1536.5616;S;05604.0004;W;2;10;0.81;170.6;M;
2013-04-17 19:10:39;11.76;416.00;31.20;49.70;31.30;46.60;31.20;51.00;191041.000;1536.5639;S;05604.0024;W;2;10;0.81;170.9;M;
2013-04-17 19:10:44;11.76;416.00;31.20;49.80;31.30;47.00;31.10;51.30;191046.000;1536.5660;S;05604.0049;W;2;10;0.81;170.7;M;
2013-04-17 19:10:49;11.76;416.00;31.10;50.20;31.20;47.40;31.10;51.90;191051.000;1536.5682;S;05604.0074;W;2;10;0.81;170.9;M;
2013-04-17 19:10:54;11.76;416.00;31.10;50.50;31.20;47.90;31.10;52.20;191056.000;1536.5703;S;05604.0100;W;2;10;0.81;171.1;M;
2013-04-17 19:10:59;11.75;417.00;31.10;50.90;31.20;48.10;31.10;53.00;191101.000;1536.5721;S;05604.0124;W;2;10;0.81;171.3;M;
2013-04-17 19:11:04;11.76;418.00;31.10;51.20;31.20;48.30;31.10;52.80;191106.000;1536.5738;S;05604.0154;W;2;7;0.89;171.6;M;
2013-04-17 19:11:09;11.76;418.00;31.10;51.10;31.20;48.10;31.10;52.50;191111.000;1536.5757;S;05604.0184;W;2;7;0.97;171.6;M;
2013-04-17 19:11:14;11.76;418.00;31.20;51.30;31.30;48.50;31.10;53.20;191116.000;1536.5767;S;05604.0208;W;2;7;0.89;171.8;M;
2013-04-17 19:11:19;11.76;419.00;31.30;51.20;31.30;48.00;31.20;52.70;191121.000;1536.5787;S;05604.0231;W;2;7;0.97;171.9;M;
2013-04-17 19:11:24;11.75;419.00;31.40;51.30;31.40;48.10;31.30;52.30;191126.000;1536.5803;S;05604.0255;W;2;7;1.05;173.1;M;
2013-04-17 19:11:29;11.76;418.00;31.40;50.70;31.50;47.20;31.40;51.40;191131.000;1536.5823;S;05604.0277;W;2;7;1.07;176.1;M;
2013-04-17 19:11:34;11.76;420.00;31.60;50.60;31.60;47.20;31.40;51.50;191136.000;1536.5837;S;05604.0317;W;2;7;1.05;178.7;M;
2013-04-17 19:11:39;11.76;420.00;31.70;50.60;31.60;47.30;31.50;51.80;191141.000;1536.5838;S;05604.0343;W;2;7;1.05;180.2;M;
2013-04-17 19:11:44;11.76;420.00;31.70;50.40;31.70;47.70;31.60;51.70;191146.000;1536.5868;S;05604.0364;W;2;7;1.05;180.6;M;
2013-04-17 19:11:49;11.76;420.00;31.80;50.30;31.80;47.60;31.60;52.50;191151.000;1536.5936;S;05604.0396;W;2;8;1.03;180.0;M;
2013-04-17 19:11:54;11.75;420.00;31.80;51.00;31.80;48.40;31.70;52.80;191156.000;1536.5966;S;05604.0433;W;2;9;0.89;177.9;M;
2013-04-17 19:11:59;11.76;420.00;31.80;50.50;31.80;47.80;31.80;51.80;191201.000;1536.5990;S;05604.0467;W;2;9;0.89;176.1;M;
2013-04-17 19:12:04;11.76;421.00;31.90;50.00;31.90;47.20;31.80;50.90;191206.000;1536.6012;S;05604.0492;W;2;9;0.89;175.4;M;
2013-04-17 19:12:09;11.76;421.00;31.90;49.60;31.80;46.10;31.80;50.60;191211.000;1536.6041;S;05604.0495;W;2;9;0.92;174.4;M;
2013-04-17 19:12:14;11.76;422.00;31.90;49.70;31.80;46.50;31.70;50.60;191216.000;1536.6074;S;05604.0469;W;2;9;0.92;172.4;M;
2013-04-17 19:12:19;11.75;422.00;31.80;49.30;31.80;46.80;31.60;50.80;191221.000;1536.6101;S;05604.0445;W;2;9;0.92;171.3;M;
2013-04-17 19:12:24;11.76;421.00;31.80;49.30;31.80;46.30;31.60;50.20;191226.000;1536.6131;S;05604.0422;W;2;10;0.81;171.0;M;
2013-04-17 19:12:29;11.76;422.00;31.90;48.80;31.90;45.50;31.70;49.80;191231.000;1536.6156;S;05604.0394;W;2;10;0.81;170.2;M;
2013-04-17 19:12:34;11.76;423.00;32.00;49.00;31.80;45.00;31.80;49.80;191236.000;1536.6186;S;05604.0368;W;2;9;0.92;169.3;M;
2013-04-17 19:12:39;11.76;423.00;31.90;48.30;31.90;45.00;31.80;49.80;191241.000;1536.6212;S;05604.0346;W;2;9;0.92;169.7;M;
2013-04-17 19:12:44;11.75;424.00;31.90;48.20;31.80;44.90;31.80;49.80;191246.000;1536.6238;S;05604.0326;W;2;9;0.92;169.5;M;
2013-04-17 19:12:49;11.75;424.00;31.90;48.30;31.80;45.60;31.70;49.90;191251.000;1536.6268;S;05604.0311;W;2;10;0.81;169.5;M;
2013-04-17 19:12:54;11.76;424.00;31.80;48.70;31.70;46.00;31.70;50.70;191256.000;1536.6287;S;05604.0299;W;2;9;0.92;170.1;M;
2013-04-17 19:12:59;11.76;424.00;31.80;49.00;31.80;46.60;31.80;50.60;191301.000;1536.6307;S;05604.0305;W;2;9;0.92;169.8;M;
2013-04-17 19:13:04;11.76;425.00;31.80;49.20;31.80;46.60;31.80;50.90;191306.000;1536.6332;S;05604.0319;W;2;9;0.92;169.8;M;
2013-04-17 19:13:09;11.75;425.00;31.90;49.30;31.80;46.50;31.70;50.40;191311.000;1536.6359;S;05604.0319;W;2;9;0.92;169.0;M;
2013-04-17 19:13:14;11.75;426.00;31.80;49.00;31.80;46.20;31.70;50.80;191316.000;1536.6393;S;05604.0326;W;2;10;0.81;168.6;M;
2013-04-17 19:13:19;11.76;425.00;31.80;49.40;31.80;46.80;31.50;51.20;191321.000;1536.6426;S;05604.0332;W;2;10;0.81;167.8;M;
2013-04-17 19:13:24;11.76;426.00;31.80;49.90;31.80;47.10;31.50;51.90;191326.000;1536.6454;S;05604.0346;W;2;10;0.81;167.6;M;
2013-04-17 19:13:29;11.76;426.00;31.70;49.80;31.70;46.60;31.60;50.80;191331.000;1536.6474;S;05604.0378;W;2;10;0.81;167.6;M;
2013-04-17 19:13:34;11.76;427.00;31.70;49.30;31.70;46.10;31.50;50.30;191336.000;1536.6496;S;05604.0404;W;2;10;0.81;167.3;M;
2013-04-17 19:13:39;11.75;428.00;31.70;49.00;31.70;45.70;31.50;50.60;191341.000;1536.6511;S;05604.0431;W;2;10;0.81;167.3;M;
2013-04-17 19:13:44;11.76;427.00;31.60;49.10;31.70;46.30;31.40;51.50;191346.000;1536.6528;S;05604.0455;W;2;11;0.76;167.7;M;
2013-04-17 19:13:49;11.76;428.00;31.60;49.40;31.60;46.90;31.30;52.40;191351.000;1536.6549;S;05604.0484;W;2;11;0.76;167.6;M;
2013-04-17 19:13:54;11.76;429.00;31.60;49.80;31.60;47.40;31.40;51.80;191356.000;1536.6571;S;05604.0503;W;2;10;0.81;166.8;M;
2013-04-17 19:13:59;11.76;429.00;31.50;50.00;31.60;47.20;31.30;52.20;191401.000;1536.6593;S;05604.0529;W;2;10;0.81;166.8;M;
2013-04-17 19:14:04;11.75;430.00;31.50;50.00;31.50;47.40;31.30;52.20;191406.000;1536.6616;S;05604.0555;W;2;9;0.92;168.1;M;
2013-04-17 19:14:09;11.75;430.00;31.50;50.10;31.50;47.20;31.30;51.80;191411.000;1536.6637;S;05604.0585;W;2;11;0.76;167.9;M;
2013-04-17 19:14:14;11.75;431.00;31.40;49.80;31.50;46.60;31.30;51.60;191416.000;1536.6661;S;05604.0616;W;2;10;0.81;167.7;M;
2013-04-17 19:14:19;11.76;431.00;31.50;49.60;31.40;46.40;31.30;51.30;191421.000;1536.6683;S;05604.0645;W;2;9;0.93;167.5;M;
2013-04-17 19:14:24;11.75;432.00;31.40;49.60;31.40;46.80;31.30;51.30;191426.000;1536.6705;S;05604.0672;W;2;10;0.81;167.5;M;
2013-04-17 19:14:29;11.75;433.00;31.40;49.70;31.40;46.90;31.30;51.70;191431.000;1536.6728;S;05604.0698;W;2;11;0.76;166.9;M;
2013-04-17 19:14:34;11.73;433.00;31.40;50.00;31.40;47.10;31.30;51.70;191436.000;1536.6750;S;05604.0723;W;2;11;0.76;166.8;M;
2013-04-17 19:14:39;11.75;435.00;31.40;50.00;31.40;47.20;31.30;51.80;191441.000;1536.6771;S;05604.0747;W;2;11;0.76;167.1;M;
2013-04-17 19:14:44;11.75;435.00;31.30;50.10;31.40;47.20;31.30;51.90;191446.000;1536.6790;S;05604.0772;W;2;11;0.76;167.1;M;
2013-04-17 19:14:49;11.75;436.00;31.40;50.30;31.40;48.10;31.30;52.20;191451.000;1536.6815;S;05604.0796;W;2;11;0.76;168.5;M;
2013-04-17 19:14:54;11.75;437.00;31.40;50.80;31.40;48.90;31.40;52.60;191456.000;1536.6834;S;05604.0822;W;2;11;0.76;168.9;M;
2013-04-17 19:14:59;11.73;437.00;31.30;51.10;31.40;49.00;31.40;52.80;191501.000;1536.6853;S;05604.0849;W;2;11;0.76;169.1;M;
2013-04-17 19:15:04;11.75;437.00;31.40;51.10;31.40;48.50;31.50;51.90;191506.000;1536.6873;S;05604.0876;W;2;11;0.76;168.9;M;
2013-04-17 19:15:09;11.75;438.00;31.40;51.00;31.40;48.30;31.50;52.20;191511.000;1536.6899;S;05604.0900;W;2;11;0.76;168.0;M;
2013-04-17 19:15:14;11.75;439.00;31.40;50.80;31.30;48.30;31.40;51.40;191516.000;1536.6915;S;05604.0930;W;2;11;0.76;168.3;M;
2013-04-17 19:15:19;11.75;440.00;31.40;50.70;31.30;48.10;31.40;52.00;191521.000;1536.6937;S;05604.0957;W;2;11;0.76;168.8;M;
2013-04-17 19:15:24;11.75;440.00;31.40;50.70;31.30;47.80;31.40;52.00;191526.000;1536.6968;S;05604.0983;W;2;11;0.76;169.4;M;
2013-04-17 19:15:29;11.75;440.00;31.30;50.90;31.30;48.30;31.40;51.60;191531.000;1536.6991;S;05604.1011;W;2;11;0.76;169.5;M;
2013-04-17 19:15:34;11.75;441.00;31.40;50.60;31.30;47.90;31.40;51.10;191536.000;1536.7015;S;05604.1037;W;2;11;0.76;169.4;M;
2013-04-17 19:15:39;11.75;442.00;31.30;50.20;31.30;47.50;31.50;50.60;191541.000;1536.7037;S;05604.1066;W;2;10;0.83;169.9;M;
2013-04-17 19:15:44;11.75;443.00;31.30;50.20;31.20;47.70;31.50;50.70;191546.000;1536.7057;S;05604.1092;W;2;11;0.76;169.7;M;
2013-04-17 19:15:49;11.75;443.00;31.30;50.30;31.30;47.80;31.40;51.00;191551.000;1536.7077;S;05604.1117;W;2;11;0.76;169.7;M;
2013-04-17 19:15:54;11.73;444.00;31.30;50.50;31.20;48.40;31.40;51.40;191556.000;1536.7101;S;05604.1141;W;2;10;0.83;170.1;M;
2013-04-17 19:15:59;11.75;445.00;31.30;50.80;31.30;48.60;31.40;51.60;191601.000;1536.7120;S;05604.1170;W;2;11;0.76;170.5;M;
2013-04-17 19:16:04;11.75;446.00;31.20;51.20;31.20;48.70;31.40;51.90;191606.000;1536.7139;S;05604.1195;W;2;11;0.76;171.0;M;
2013-04-17 19:16:09;11.75;446.00;31.20;51.40;31.30;48.90;31.50;52.60;191611.000;1536.7157;S;05604.1218;W;2;11;0.76;171.0;M;
2013-04-17 19:16:14;11.75;445.00;31.30;51.60;31.30;48.90;31.50;52.80;191616.000;1536.7178;S;05604.1243;W;2;11;0.76;171.2;M;
2013-04-17 19:16:19;11.73;446.00;31.30;51.80;31.30;49.30;31.50;53.20;191621.000;1536.7198;S;05604.1269;W;2;11;0.76;170.9;M;
2013-04-17 19:16:24;11.75;447.00;31.30;52.20;31.30;50.10;31.60;53.70;191626.000;1536.7222;S;05604.1294;W;2;11;0.76;170.8;M;
2013-04-17 19:16:29;11.75;447.00;31.40;52.70;31.30;50.60;31.60;54.20;191631.000;1536.7239;S;05604.1324;W;2;11;0.76;171.3;M;
2013-04-17 19:16:34;11.75;447.00;31.40;53.10;31.30;50.80;31.60;54.10;191636.000;1536.7261;S;05604.1353;W;2;11;0.76;171.7;M;
2013-04-17 19:16:39;11.75;448.00;31.40;53.20;31.40;50.70;31.70;53.50;191641.000;1536.7285;S;05604.1375;W;2;11;0.76;172.0;M;
2013-04-17 19:16:44;11.73;447.00;31.40;52.70;31.40;49.80;31.60;52.20;191646.000;1536.7303;S;05604.1397;W;2;11;0.76;172.4;M;
2013-04-17 19:16:49;11.73;448.00;31.40;51.90;31.40;48.50;31.70;50.20;191651.000;1536.7322;S;05604.1421;W;2;11;0.76;172.7;M;
2013-04-17 19:16:54;11.73;449.00;31.40;51.00;31.40;47.20;31.60;50.10;191656.000;1536.7339;S;05604.1454;W;2;11;0.76;173.2;M;
2013-04-17 19:16:59;11.75;448.00;31.40;50.30;31.30;46.60;31.60;49.90;191701.000;1536.7364;S;05604.1475;W;2;11;0.76;173.2;M;
2013-04-17 19:17:04;11.75;450.00;31.40;49.70;31.40;46.30;31.60;50.10;191706.000;1536.7384;S;05604.1502;W;2;11;0.76;173.4;M;
2013-04-17 19:17:09;11.73;449.00;31.40;50.10;31.40;47.20;31.60;50.50;191711.000;1536.7406;S;05604.1529;W;2;11;0.76;173.2;M;
2013-04-17 19:17:14;11.73;450.00;31.40;50.10;31.40;47.80;31.60;51.10;191716.000;1536.7425;S;05604.1550;W;2;11;0.76;172.9;M;
2013-04-17 19:17:19;11.73;451.00;31.40;50.30;31.40;48.00;31.60;51.10;191721.000;1536.7443;S;05604.1580;W;2;11;0.76;172.5;M;
2013-04-17 19:17:24;11.75;451.00;31.50;50.00;31.40;46.90;31.60;50.20;191726.000;1536.7465;S;05604.1607;W;2;11;0.76;172.7;M;
2013-04-17 19:17:29;11.75;452.00;31.50;49.70;31.40;46.80;31.60;50.20;191731.000;1536.7486;S;05604.1634;W;2;11;0.76;172.8;M;
2013-04-17 19:17:34;11.73;452.00;31.50;49.80;31.50;47.00;31.70;50.40;191736.000;1536.7508;S;05604.1662;W;2;11;0.76;173.5;M;
2013-04-17 19:17:39;11.73;450.00;31.60;49.80;31.50;47.20;31.70;50.30;191741.000;1536.7531;S;05604.1692;W;2;10;0.81;173.1;M;
2013-04-17 19:17:44;11.73;451.00;31.60;49.70;31.60;47.10;31.70;50.00;191746.000;1536.7548;S;05604.1722;W;2;11;0.76;172.9;M;
2013-04-17 19:17:49;11.75;453.00;31.70;49.40;31.60;46.60;31.80;50.00;191751.000;1536.7568;S;05604.1753;W;2;11;0.76;172.5;M;
2013-04-17 19:17:54;11.75;453.00;31.80;49.40;31.70;47.00;31.80;50.40;191756.000;1536.7580;S;05604.1785;W;2;11;0.76;172.6;M;
2013-04-17 19:17:59;11.73;454.00;31.80;49.10;31.70;46.60;31.90;49.50;191801.000;1536.7591;S;05604.1817;W;2;11;0.76;173.0;M;
2013-04-17 19:18:04;11.73;454.00;31.80;48.70;31.70;45.90;31.90;48.90;191806.000;1536.7599;S;05604.1850;W;2;11;0.76;173.1;M;
2013-04-17 19:18:09;11.73;454.00;31.90;48.50;31.80;46.10;31.90;49.40;191811.000;1536.7602;S;05604.1883;W;2;10;0.81;173.1;M;
2013-04-17 19:18:14;11.73;454.00;31.90;48.80;31.80;46.80;32.00;50.90;191816.000;1536.7599;S;05604.1918;W;2;10;0.81;173.2;M;
2013-04-17 19:18:19;11.75;455.00;31.90;49.10;31.80;47.20;31.90;50.10;191821.000;1536.7596;S;05604.1950;W;2;10;0.81;172.7;M;
2013-04-17 19:18:24;11.73;455.00;31.90;49.30;31.80;47.30;31.90;50.60;191826.000;1536.7584;S;05604.1983;W;2;10;0.81;172.8;M;
2013-04-17 19:18:29;11.73;457.00;31.90;49.50;31.90;47.50;32.00;51.90;191831.000;1536.7575;S;05604.2019;W;2;11;0.76;172.5;M;
2013-04-17 19:18:34;11.73;454.00;32.00;50.00;31.90;47.10;32.00;50.80;191836.000;1536.7569;S;05604.2054;W;2;9;0.93;172.3;M;
2013-04-17 19:18:39;11.73;456.00;32.00;49.90;31.90;46.60;32.00;50.70;191841.000;1536.7561;S;05604.2087;W;2;10;0.81;172.3;M;
2013-04-17 19:18:44;11.75;458.00;32.00;49.80;31.90;46.20;32.00;50.30;191846.000;1536.7555;S;05604.2122;W;2;10;0.83;172.2;M;
2013-04-17 19:18:49;11.73;457.00;31.90;49.20;31.90;46.10;32.00;50.60;191851.000;1536.7548;S;05604.2158;W;2;8;1.08;172.2;M;
2013-04-17 19:18:54;11.73;458.00;32.00;49.50;31.90;46.40;32.10;50.80;191856.000;1536.7538;S;05604.2195;W;2;9;0.93;171.8;M;
2013-04-17 19:18:59;11.72;458.00;32.00;49.50;31.90;46.30;32.10;50.00;191901.000;1536.7534;S;05604.2230;W;2;9;0.93;171.4;M;
2013-04-17 19:19:04;11.73;459.00;32.00;49.20;31.90;45.50;32.10;50.00;191906.000;1536.7530;S;05604.2262;W;2;10;0.83;170.6;M;
2013-04-17 19:19:09;11.73;459.00;32.00;50.00;32.10;47.00;32.20;51.00;191911.000;1536.7525;S;05604.2297;W;2;10;0.81;171.1;M;
2013-04-17 19:19:14;11.73;459.00;32.00;50.10;32.00;47.10;32.20;50.80;191916.000;1536.7518;S;05604.2331;W;2;10;0.85;171.2;M;
2013-04-17 19:19:19;11.73;459.00;32.00;50.00;32.00;46.80;32.10;50.50;191921.000;1536.7510;S;05604.2365;W;2;8;1.08;171.0;M;
2013-04-17 19:19:24;11.72;457.00;32.00;50.10;31.90;46.80;32.10;51.20;191926.000;1536.7501;S;05604.2400;W;2;8;1.08;170.7;M;
2013-04-17 19:19:29;11.72;459.00;32.00;50.80;31.90;48.30;32.00;52.50;191931.000;1536.7495;S;05604.2433;W;2;9;0.94;169.9;M;
2013-04-17 19:19:34;11.73;460.00;31.90;50.70;31.80;48.60;31.90;52.00;191936.000;1536.7487;S;05604.2465;W;2;10;0.81;169.4;M;
2013-04-17 19:19:39;11.73;461.00;31.90;50.50;31.80;47.90;31.90;51.80;191941.000;1536.7482;S;05604.2499;W;2;9;0.93;169.1;M;
2013-04-17 19:19:44;11.73;461.00;31.90;50.40;31.80;47.70;31.90;52.20;191946.000;1536.7468;S;05604.2531;W;2;10;0.81;168.2;M;
2013-04-17 19:19:49;11.72;461.00;31.90;50.40;31.90;47.70;31.80;52.10;191951.000;1536.7449;S;05604.2555;W;2;11;0.76;168.1;M;
2013-04-17 19:19:54;11.72;461.00;31.90;49.80;31.90;46.60;32.00;51.00;191956.000;1536.7427;S;05604.2579;W;2;11;0.76;167.7;M;
2013-04-17 19:19:59;11.73;463.00;32.00;50.00;31.90;46.50;32.00;51.10;192001.000;1536.7397;S;05604.2602;W;2;10;0.81;167.1;M;
2013-04-17 19:20:04;11.73;463.00;32.00;50.30;31.90;46.90;32.00;51.50;192006.000;1536.7370;S;05604.2585;W;2;10;0.85;166.9;M;
2013-04-17 19:20:09;11.73;463.00;32.10;50.40;32.00;47.80;32.10;52.10;192011.000;1536.7343;S;05604.2566;W;2;8;1.08;166.9;M;
2013-04-17 19:20:14;11.72;464.00;32.20;50.70;32.10;48.70;32.20;52.80;192016.000;1536.7314;S;05604.2547;W;2;9;0.90;167.0;M;
2013-04-17 19:20:19;11.72;463.00;32.10;51.30;32.00;49.20;32.10;53.30;192021.000;1536.7288;S;05604.2520;W;2;8;1.00;166.9;M;
2013-04-17 19:20:24;11.73;464.00;32.00;52.60;31.80;50.10;31.90;53.20;192026.000;1536.7267;S;05604.2497;W;2;9;0.90;167.0;M;
2013-04-17 19:20:29;11.73;464.00;31.90;51.80;31.60;48.50;31.90;52.10;192031.000;1536.7240;S;05604.2477;W;2;9;0.90;167.7;M;
2013-04-17 19:20:34;11.73;465.00;31.80;51.20;31.50;47.90;31.70;51.20;192036.000;1536.7213;S;05604.2475;W;2;11;0.76;167.9;M;
2013-04-17 19:20:39;11.73;465.00;31.70;51.90;31.50;49.80;31.70;53.90;192041.000;1536.7190;S;05604.2496;W;2;11;0.76;167.8;M;
2013-04-17 19:20:44;11.72;465.00;31.60;51.70;31.40;48.30;31.50;51.20;192046.000;1536.7164;S;05604.2521;W;2;10;0.83;167.8;M;
2013-04-17 19:20:49;11.73;466.00;31.50;50.80;31.40;47.40;31.50;51.40;192051.000;1536.7140;S;05604.2549;W;2;11;0.76;167.6;M;
2013-04-17 19:20:54;11.73;466.00;31.40;50.70;31.20;47.70;31.40;51.70;192056.000;1536.7146;S;05604.2575;W;2;11;0.76;167.8;M;
2013-04-17 19:20:59;11.75;467.00;31.20;51.20;31.10;48.60;31.30;52.20;192101.000;1536.7174;S;05604.2596;W;2;10;0.85;168.0;M;
2013-04-17 19:21:04;11.73;468.00;31.10;51.30;31.10;48.70;31.10;52.30;192106.000;1536.7196;S;05604.2625;W;2;10;0.85;168.1;M;
2013-04-17 19:21:09;11.72;468.00;31.10;51.80;31.00;49.20;31.10;52.60;192111.000;1536.7218;S;05604.2655;W;2;10;0.85;167.3;M;
2013-04-17 19:21:14;11.72;468.00;31.00;51.60;31.00;48.80;31.10;52.40;192116.000;1536.7231;S;05604.2687;W;2;10;0.85;166.3;M;
2013-04-17 19:21:19;11.73;470.00;31.00;51.70;31.00;49.10;31.10;52.20;192121.000;1536.7241;S;05604.2720;W;2;9;0.94;165.2;M;
2013-04-17 19:21:24;11.73;470.00;31.00;51.70;30.90;48.50;31.10;53.10;192126.000;1536.7251;S;05604.2754;W;2;10;0.85;164.7;M;
2013-04-17 19:21:29;11.73;471.00;31.00;52.20;31.00;49.60;31.10;53.20;192131.000;1536.7271;S;05604.2785;W;2;10;0.85;164.7;M;
2013-04-17 19:21:34;11.72;472.00;31.00;52.30;31.00;49.80;31.10;53.80;192136.000;1536.7300;S;05604.2803;W;2;11;0.76;165.0;M;
2013-04-17 19:21:39;11.72;472.00;31.00;53.20;31.00;51.00;31.10;55.10;192141.000;1536.7328;S;05604.2815;W;2;11;0.76;164.5;M;
2013-04-17 19:21:44;11.72;473.00;31.00;54.00;31.00;51.30;31.00;55.10;192146.000;1536.7356;S;05604.2829;W;2;10;0.81;164.3;M;
2013-04-17 19:21:49;11.73;474.00;30.90;53.40;30.90;50.80;30.90;54.40;192151.000;1536.7389;S;05604.2837;W;2;10;0.83;163.9;M;
2013-04-17 19:21:54;11.73;475.00;30.90;53.60;30.80;50.60;30.70;54.50;192156.000;1536.7422;S;05604.2850;W;2;11;0.76;161.4;M;
2013-04-17 19:21:59;11.73;475.00;30.80;54.40;30.80;52.10;30.70;56.00;192201.000;1536.7447;S;05604.2877;W;2;11;0.76;164.3;M;
2013-04-17 19:22:04;11.72;474.00;30.80;55.00;30.70;51.80;30.50;53.40;192206.000;1536.7469;S;05604.2901;W;2;11;0.76;165.4;M;
2013-04-17 19:22:09;11.73;476.00;30.60;53.70;30.60;50.10;30.50;53.40;192211.000;1536.7499;S;05604.2919;W;2;10;0.85;165.2;M;
2013-04-17 19:22:14;11.73;477.00;30.60;53.00;30.60;49.60;30.50;53.30;192216.000;1536.7519;S;05604.2947;W;2;9;0.94;164.7;M;
2013-04-17 19:22:19;11.75;477.00;30.50;52.60;30.60;49.60;30.50;53.50;192221.000;1536.7537;S;05604.2977;W;2;10;0.85;163.5;M;
2013-04-17 19:22:24;11.73;479.00;30.60;52.90;30.60;50.00;30.50;54.00;192226.000;1536.7550;S;05604.3009;W;2;10;0.81;162.9;M;
2013-04-17 19:22:29;11.73;478.00;30.50;53.00;30.50;50.30;30.50;54.30;192231.000;1536.7553;S;05604.3046;W;2;10;0.85;161.9;M;
2013-04-17 19:22:34;11.72;479.00;30.60;53.00;30.60;50.30;30.50;54.40;192236.000;1536.7560;S;05604.3077;W;2;10;0.81;161.7;M;
2013-04-17 19:22:39;11.73;480.00;30.60;53.00;30.50;50.50;30.50;54.00;192241.000;1536.7559;S;05604.3103;W;2;11;0.76;162.9;M;
2013-04-17 19:22:44;11.73;480.00;30.50;52.70;30.50;50.00;30.50;53.90;192246.000;1536.7564;S;05604.3136;W;2;11;0.76;163.5;M;
2013-04-17 19:22:49;11.73;481.00;30.50;53.00;30.50;50.40;30.40;54.50;192251.000;1536.7565;S;05604.3172;W;2;10;0.81;164.2;M;
2013-04-17 19:22:54;11.73;481.00;30.40;53.90;30.40;51.40;30.40;55.10;192256.000;1536.7579;S;05604.3211;W;2;10;0.81;163.3;M;
2013-04-17 19:22:59;11.72;482.00;30.40;54.20;30.30;51.90;30.40;56.20;192301.000;1536.7586;S;05604.3238;W;2;10;0.81;165.2;M;
2013-04-17 19:23:04;11.73;483.00;30.40;55.00;30.40;51.90;30.40;55.10;192306.000;1536.7600;S;05604.3267;W;2;9;0.94;167.3;M;
2013-04-17 19:23:09;11.73;482.00;30.40;55.30;30.40;52.30;30.30;55.30;192311.000;1536.7626;S;05604.3287;W;2;11;0.76;168.1;M;
2013-04-17 19:23:14;11.73;484.00;30.30;55.90;30.30;53.50;30.30;57.10;192316.000;1536.7660;S;05604.3307;W;2;9;0.94;169.2;M;
2013-04-17 19:23:19;11.73;484.00;30.40;56.80;30.30;53.80;30.20;57.70;192321.000;1536.7688;S;05604.3324;W;2;9;0.94;170.2;M;
2013-04-17 19:23:24;11.73;484.00;30.30;56.60;30.20;53.50;30.20;56.80;192326.000;1536.7718;S;05604.3341;W;2;9;0.94;172.0;M;
2013-04-17 19:23:29;11.73;484.00;30.30;57.70;30.20;54.10;30.20;58.20;192331.000;1536.7759;S;05604.3352;W;2;9;0.94;170.9;M;
2013-04-17 19:23:34;11.73;485.00;30.30;57.70;30.10;55.20;30.10;59.30;192336.000;1536.7796;S;05604.3352;W;2;9;0.94;170.5;M;
2013-04-17 19:23:39;11.75;485.00;30.10;57.70;30.10;55.20;30.00;58.60;192341.000;1536.7827;S;05604.3356;W;2;10;0.83;170.6;M;
2013-04-17 19:23:44;11.73;486.00;30.10;57.40;30.10;54.90;30.00;58.90;192346.000;1536.7865;S;05604.3360;W;2;8;1.08;169.4;M;
2013-04-17 19:23:49;11.73;485.00;30.10;57.50;30.10;54.60;30.00;56.40;192351.000;1536.7891;S;05604.3382;W;2;9;0.94;168.9;M;
2013-04-17 19:23:54;11.73;485.00;30.10;56.40;30.00;53.50;30.00;56.40;192356.000;1536.7909;S;05604.3414;W;2;9;0.94;168.7;M;
2013-04-17 19:23:59;11.73;486.00;30.10;55.60;30.00;52.50;30.00;55.70;192401.000;1536.7921;S;05604.3445;W;2;9;0.94;168.0;M;
2013-04-17 19:24:04;11.75;486.00;30.10;55.10;30.00;52.30;30.10;55.90;192406.000;1536.7926;S;05604.3485;W;2;9;0.94;166.2;M;
2013-04-17 19:24:09;11.75;487.00;30.10;54.90;30.00;52.40;30.10;56.40;192411.000;1536.7933;S;05604.3522;W;2;9;0.94;165.8;M;
2013-04-17 19:24:14;11.73;487.00;30.20;55.90;30.10;54.30;30.20;57.80;192416.000;1536.7942;S;05604.3557;W;2;9;0.94;165.4;M;
2013-04-17 19:24:19;11.72;487.00;30.20;56.40;30.10;53.90;30.20;56.50;192421.000;1536.7953;S;05604.3590;W;2;11;0.76;166.5;M;
2013-04-17 19:24:24;11.73;488.00;30.20;56.60;30.20;54.60;30.30;57.40;192426.000;1536.7967;S;05604.3619;W;2;11;0.76;166.9;M;
2013-04-17 19:24:29;11.73;488.00;30.30;56.30;30.20;53.70;30.30;57.50;192431.000;1536.7987;S;05604.3651;W;2;11;0.76;166.3;M;
2013-04-17 19:24:34;11.73;489.00;30.30;56.10;30.20;53.50;30.30;56.40;192436.000;1536.8014;S;05604.3678;W;2;11;0.76;165.6;M;
2013-04-17 19:24:39;11.73;488.00;30.40;55.60;30.30;52.70;30.40;54.70;192441.000;1536.8045;S;05604.3698;W;2;11;0.76;165.7;M;
2013-04-17 19:24:44;11.72;488.00;30.40;55.00;30.30;51.70;30.40;54.70;192446.000;1536.8075;S;05604.3709;W;2;9;0.94;165.9;M;
2013-04-17 19:24:49;11.73;490.00;30.40;54.20;30.30;51.00;30.40;54.20;192451.000;1536.8102;S;05604.3719;W;2;7;1.19;166.1;M;
2013-04-17 19:24:54;11.73;490.00;30.40;53.90;30.30;51.00;30.30;54.80;192456.000;1536.8136;S;05604.3727;W;2;9;0.94;166.4;M;
2013-04-17 19:24:59;11.75;491.00;30.40;53.90;30.30;51.40;30.40;54.40;192501.000;1536.8164;S;05604.3753;W;2;10;0.81;165.8;M;
2013-04-17 19:25:04;11.73;491.00;30.40;53.80;30.30;51.30;30.40;54.60;192506.000;1536.8192;S;05604.3780;W;2;10;0.81;165.5;M;
2013-04-17 19:25:09;11.73;492.00;30.40;53.60;30.40;50.30;30.40;54.20;192511.000;1536.8215;S;05604.3803;W;2;10;0.81;165.0;M;
2013-04-17 19:25:14;11.73;491.00;30.40;53.00;30.30;49.90;30.40;53.80;192516.000;1536.8237;S;05604.3827;W;2;9;0.94;165.2;M;
2013-04-17 19:25:19;11.73;492.00;30.40;52.90;30.30;50.20;30.40;53.80;192521.000;1536.8254;S;05604.3851;W;2;9;0.94;166.5;M;
2013-04-17 19:25:24;11.75;493.00;30.40;53.00;30.40;50.50;30.40;53.80;192526.000;1536.8254;S;05604.3851;W;2;9;0.94;166.5;M;
2013-04-17 19:25:29;11.73;493.00;30.30;52.80;30.40;50.20;30.40;53.60;192531.000;1536.8308;S;05604.3888;W;2;8;1.08;166.9;M;
2013-04-17 19:25:34;11.73;494.00;30.30;52.70;30.30;49.70;30.40;53.60;192536.000;1536.8325;S;05604.3922;W;2;9;0.94;165.5;M;
2013-04-17 19:25:39;11.72;494.00;30.40;52.60;30.40;49.90;30.40;53.50;192541.000;1536.8326;S;05604.3956;W;2;10;0.81;164.6;M;
2013-04-17 19:25:44;11.73;496.00;30.40;52.50;30.40;49.50;30.40;53.40;192546.000;1536.8316;S;05604.3988;W;2;9;0.94;163.4;M;
2013-04-17 19:25:49;11.73;496.00;30.40;52.40;30.40;49.30;30.50;53.30;192551.000;1536.8305;S;05604.4024;W;2;9;0.94;162.9;M;
2013-04-17 19:25:54;11.73;496.00;30.50;52.20;30.50;49.10;30.50;53.30;192556.000;1536.8289;S;05604.4057;W;2;9;0.94;162.1;M;
2013-04-17 19:25:59;11.73;497.00;30.50;52.10;30.50;49.30;30.60;54.20;192601.000;1536.8274;S;05604.4090;W;2;10;0.81;162.2;M;
2013-04-17 19:26:04;11.72;497.00;30.60;52.60;30.60;49.80;30.70;53.30;192606.000;1536.8263;S;05604.4122;W;2;10;0.81;161.4;M;
2013-04-17 19:26:09;11.72;498.00;30.70;52.70;30.60;49.90;30.70;53.30;192611.000;1536.8249;S;05604.4155;W;2;10;0.81;160.8;M;
2013-04-17 19:26:14;11.73;498.00;30.60;52.50;30.70;49.10;30.80;52.90;192616.000;1536.8232;S;05604.4185;W;2;10;0.81;160.7;M;
2013-04-17 19:26:19;11.73;499.00;30.70;51.90;30.70;48.40;30.90;52.10;192621.000;1536.8207;S;05604.4209;W;2;9;0.94;160.5;M;
2013-04-17 19:26:24;11.73;500.00;30.80;51.40;30.80;47.90;31.00;52.30;192626.000;1536.8176;S;05604.4220;W;2;9;0.94;160.4;M;
2013-04-17 19:26:29;11.72;500.00;30.90;51.00;30.90;47.60;31.10;51.90;192631.000;1536.8144;S;05604.4231;W;2;9;0.94;160.4;M;
2013-04-17 19:26:34;11.72;500.00;31.00;51.50;31.10;48.10;31.20;51.70;192636.000;1536.8138;S;05604.4264;W;2;9;0.94;160.4;M;
2013-04-17 19:26:39;11.73;502.00;31.00;51.20;31.00;47.60;31.20;51.10;192641.000;1536.8136;S;05604.4299;W;2;9;0.94;160.3;M;
2013-04-17 19:26:44;11.73;503.00;31.00;50.70;30.90;46.80;31.20;50.90;192646.000;1536.8128;S;05604.4331;W;2;9;0.94;160.0;M;
2013-04-17 19:26:49;11.73;502.00;31.00;50.40;31.00;47.30;31.20;50.90;192651.000;1536.8104;S;05604.4354;W;2;10;0.82;160.2;M;
2013-04-17 19:26:54;11.73;503.00;31.00;50.30;31.00;47.30;31.30;50.80;192656.000;1536.8086;S;05604.4380;W;2;10;0.81;160.3;M;
2013-04-17 19:26:59;11.72;504.00;31.10;50.50;31.10;47.40;31.30;50.80;192701.000;1536.8083;S;05604.4409;W;2;9;0.94;160.2;M;
2013-04-17 19:27:04;11.73;504.00;31.10;50.80;31.10;47.80;31.30;51.30;192706.000;1536.8094;S;05604.4440;W;2;9;0.94;160.2;M;
2013-04-17 19:27:09;11.75;505.00;31.20;50.70;31.10;48.00;31.40;51.50;192711.000;1536.8106;S;05604.4468;W;2;9;0.94;160.3;M;
2013-04-17 19:27:14;11.75;506.00;31.20;50.70;31.20;48.00;31.50;51.20;192716.000;1536.8094;S;05604.4500;W;2;8;0.99;160.1;M;
2013-04-17 19:27:19;11.73;505.00;31.30;50.60;31.30;47.40;31.60;50.60;192721.000;1536.8077;S;05604.4531;W;2;8;1.08;160.2;M;
2013-04-17 19:27:24;11.73;506.00;31.40;50.50;31.30;47.70;31.70;50.20;192726.000;1536.8055;S;05604.4558;W;2;10;0.82;160.2;M;
2013-04-17 19:27:29;11.73;506.00;31.40;50.40;31.40;47.70;31.70;49.50;192731.000;1536.8032;S;05604.4587;W;2;9;0.94;160.5;M;
2013-04-17 19:27:34;11.75;506.00;31.50;50.10;31.40;47.50;31.70;50.70;192736.000;1536.8002;S;05604.4589;W;2;9;0.95;160.6;M;
2013-04-17 19:27:39;11.75;507.00;31.40;50.90;31.40;48.40;31.70;50.80;192741.000;1536.8017;S;05604.4590;W;2;9;0.94;160.8;M;
2013-04-17 19:27:44;11.73;507.00;31.70;51.10;31.60;48.60;31.80;51.30;192746.000;1536.8049;S;05604.4587;W;2;9;0.94;161.2;M;
2013-04-17 19:27:49;11.73;507.00;31.70;50.70;31.60;47.80;31.80;50.60;192751.000;1536.8065;S;05604.4556;W;2;9;0.94;160.6;M;
2013-04-17 19:27:54;11.73;506.00;31.60;49.90;31.50;46.40;31.80;49.50;192756.000;1536.8073;S;05604.4521;W;2;9;0.95;160.8;M;
2013-04-17 19:27:59;11.73;507.00;31.70;49.40;31.60;46.30;31.80;49.70;192801.000;1536.8089;S;05604.4490;W;2;9;0.95;160.4;M;
2013-04-17 19:28:04;11.75;507.00;31.80;49.20;31.70;46.40;32.00;49.50;192806.000;1536.8079;S;05604.4460;W;2;9;0.95;160.5;M;
2013-04-17 19:28:09;11.75;509.00;31.90;49.00;31.90;46.70;32.10;50.10;192811.000;1536.8073;S;05604.4422;W;2;9;0.95;160.0;M;
2013-04-17 19:28:14;11.73;507.00;32.10;49.80;32.10;47.50;32.20;50.80;192816.000;1536.8082;S;05604.4390;W;2;8;1.08;160.1;M;
2013-04-17 19:28:19;11.73;508.00;32.20;50.50;32.10;48.30;32.30;50.90;192821.000;1536.8100;S;05604.4360;W;2;9;0.95;160.2;M;
2013-04-17 19:28:24;11.73;508.00;32.20;49.70;32.10;46.40;32.40;49.30;192826.000;1536.8121;S;05604.4335;W;2;9;0.95;160.2;M;
2013-04-17 19:28:29;11.75;508.00;32.20;49.00;32.20;45.90;32.40;48.90;192831.000;1536.8140;S;05604.4309;W;2;9;0.95;160.2;M;
2013-04-17 19:28:34;11.75;508.00;32.30;48.50;32.20;45.60;32.50;49.10;192836.000;1536.8151;S;05604.4282;W;2;9;0.95;160.0;M;
2013-04-17 19:28:39;11.73;508.00;32.30;48.30;32.40;45.10;32.40;48.50;192841.000;1536.8143;S;05604.4250;W;2;9;0.95;159.7;M;
2013-04-17 19:28:44;11.73;507.00;32.50;48.00;32.50;44.70;32.50;48.20;192846.000;1536.8156;S;05604.4222;W;2;9;0.95;159.3;M;
2013-04-17 19:28:49;11.73;506.00;32.60;47.80;32.50;44.40;32.50;48.00;192851.000;1536.8184;S;05604.4213;W;2;9;0.95;159.1;M;
2013-04-17 19:28:54;11.73;508.00;32.60;47.50;32.50;44.40;32.50;47.80;192856.000;1536.8212;S;05604.4203;W;2;9;0.95;159.0;M;
2013-04-17 19:28:59;11.75;508.00;32.60;47.70;32.50;44.80;32.50;48.50;192901.000;1536.8235;S;05604.4179;W;2;9;0.95;159.5;M;
2013-04-17 19:29:04;11.73;508.00;32.60;47.40;32.60;44.40;32.60;48.20;192906.000;1536.8252;S;05604.4149;W;2;9;0.95;159.3;M;
2013-04-17 19:29:09;11.72;507.00;32.60;47.20;32.60;44.20;32.60;47.80;192911.000;1536.8264;S;05604.4117;W;2;9;0.95;159.3;M;
2013-04-17 19:29:14;11.72;507.00;32.70;47.10;32.70;44.10;32.60;48.10;192916.000;1536.8279;S;05604.4087;W;2;9;0.95;159.1;M;
2013-04-17 19:29:19;11.73;507.00;32.80;47.10;32.70;43.90;32.60;48.00;192921.000;1536.8292;S;05604.4056;W;2;9;0.95;158.8;M;
2013-04-17 19:29:24;11.73;508.00;32.80;46.90;32.70;43.60;32.60;47.60;192926.000;1536.8300;S;05604.4028;W;2;9;0.95;159.0;M;
2013-04-17 19:29:29;11.72;508.00;32.80;46.70;32.70;43.30;32.60;47.50;192931.000;1536.8315;S;05604.3994;W;2;9;0.95;159.2;M;
2013-04-17 19:29:34;11.70;507.00;32.90;46.70;32.80;43.60;32.60;47.70;192936.000;1536.8324;S;05604.3960;W;2;8;1.08;159.4;M;
2013-04-17 19:29:39;11.70;506.00;32.90;46.80;32.70;43.70;32.40;47.80;192941.000;1536.8324;S;05604.3927;W;2;9;0.95;159.5;M;
2013-04-17 19:29:44;11.72;507.00;32.80;46.70;32.50;44.00;32.30;48.00;192946.000;1536.8322;S;05604.3895;W;2;8;1.08;159.2;M;
2013-04-17 19:29:49;11.72;509.00;32.70;46.70;32.40;43.80;32.20;48.10;192951.000;1536.8313;S;05604.3864;W;2;8;1.08;159.4;M;
2013-04-17 19:29:54;11.73;509.00;32.60;46.60;32.30;43.60;32.20;48.20;192956.000;1536.8300;S;05604.3836;W;2;8;1.08;159.9;M;
2013-04-17 19:29:59;11.72;509.00;32.50;46.70;32.30;44.00;32.10;48.60;193001.000;1536.8290;S;05604.3808;W;2;9;0.95;160.4;M;
2013-04-17 19:30:04;11.70;508.00;32.40;47.00;32.10;44.60;32.10;49.30;193006.000;1536.8286;S;05604.3782;W;2;9;0.95;161.0;M;
2013-04-17 19:30:09;11.70;509.00;32.30;47.50;32.00;45.30;31.90;49.50;193011.000;1536.8270;S;05604.3750;W;2;9;0.95;161.5;M;
2013-04-17 19:30:14;11.72;509.00;32.20;47.60;31.90;44.50;31.80;49.40;193016.000;1536.8248;S;05604.3725;W;2;10;0.83;161.3;M;
2013-04-17 19:30:19;11.72;510.00;32.20;47.70;31.90;44.80;31.80;49.70;193021.000;1536.8234;S;05604.3697;W;2;9;0.95;161.0;M;
2013-04-17 19:30:24;11.70;511.00;32.10;48.00;31.80;45.10;31.80;50.00;193026.000;1536.8217;S;05604.3670;W;2;10;0.83;161.3;M;
2013-04-17 19:30:29;11.70;511.00;32.00;48.40;31.80;45.40;31.80;50.40;193031.000;1536.8193;S;05604.3646;W;2;9;0.95;160.9;M;
2013-04-17 19:30:34;11.70;511.00;32.00;48.70;31.70;45.70;31.70;50.70;193036.000;1536.8170;S;05604.3614;W;2;10;0.85;160.6;M;
2013-04-17 19:30:39;11.73;513.00;31.90;48.70;31.70;46.30;31.70;50.70;193041.000;1536.8144;S;05604.3595;W;2;9;0.95;160.7;M;
2013-04-17 19:30:44;11.73;514.00;31.90;48.80;31.70;46.40;31.70;51.10;193046.000;1536.8128;S;05604.3569;W;2;9;0.95;161.3;M;
2013-04-17 19:30:49;11.73;514.00;31.80;48.90;31.70;46.60;31.70;51.20;193051.000;1536.8109;S;05604.3539;W;2;9;0.95;160.6;M;
2013-04-17 19:30:54;11.70;513.00;31.80;49.10;31.60;46.70;31.70;51.10;193056.000;1536.8087;S;05604.3511;W;2;8;1.08;160.2;M;
2013-04-17 19:30:59;11.72;515.00;31.80;49.30;31.60;46.90;31.60;51.40;193101.000;1536.8065;S;05604.3489;W;2;9;0.95;159.9;M;
2013-04-17 19:31:04;11.72;514.00;31.70;49.50;31.60;46.90;31.60;51.30;193106.000;1536.8046;S;05604.3465;W;2;9;0.95;159.5;M;
2013-04-17 19:31:09;11.73;515.00;31.70;49.40;31.50;46.60;31.50;51.20;193111.000;1536.8022;S;05604.3443;W;2;8;1.08;159.4;M;
2013-04-17 19:31:14;11.73;516.00;31.60;49.60;31.40;46.90;31.50;51.50;193116.000;1536.8006;S;05604.3417;W;2;9;0.95;159.0;M;
2013-04-17 19:31:19;11.73;516.00;31.50;50.00;31.40;48.00;31.40;51.80;193121.000;1536.7991;S;05604.3395;W;2;9;0.95;160.2;M;
2013-04-17 19:31:24;11.72;516.00;31.50;50.10;31.30;47.60;31.30;52.00;193126.000;1536.7974;S;05604.3374;W;2;9;0.95;160.5;M;
2013-04-17 19:31:29;11.72;516.00;31.40;50.40;31.20;48.00;31.30;52.70;193131.000;1536.7947;S;05604.3346;W;2;8;1.08;160.7;M;
2013-04-17 19:31:34;11.73;517.00;31.30;51.00;31.10;48.50;31.20;52.90;193136.000;1536.7923;S;05604.3324;W;2;9;0.95;161.0;M;
2013-04-17 19:31:39;11.73;518.00;31.20;51.20;31.10;48.30;31.20;52.20;193141.000;1536.7908;S;05604.3295;W;2;9;0.95;161.8;M;
2013-04-17 19:31:44;11.73;518.00;31.10;51.10;30.90;47.80;31.20;52.40;193146.000;1536.7889;S;05604.3267;W;2;8;1.08;161.9;M;
2013-04-17 19:31:49;11.72;518.00;31.10;51.20;30.90;47.80;31.10;52.40;193151.000;1536.7870;S;05604.3244;W;2;9;0.95;162.3;M;
2013-04-17 19:31:54;11.72;519.00;31.00;51.40;30.90;48.10;31.00;52.60;193156.000;1536.7844;S;05604.3217;W;2;8;1.08;160.9;M;
2013-04-17 19:31:59;11.72;519.00;30.90;50.90;30.80;48.10;30.90;52.10;193201.000;1536.7820;S;05604.3192;W;2;9;0.95;160.4;M;
2013-04-17 19:32:04;11.73;520.00;30.90;51.10;30.80;48.30;31.00;53.00;193206.000;1536.7799;S;05604.3163;W;2;9;0.95;160.4;M;
2013-04-17 19:32:09;11.73;520.00;30.80;51.20;30.80;48.50;30.90;52.70;193211.000;1536.7780;S;05604.3137;W;2;9;0.95;160.6;M;
2013-04-17 19:32:14;11.72;521.00;30.80;51.30;30.70;48.50;30.80;52.90;193216.000;1536.7761;S;05604.3112;W;2;8;1.08;160.1;M;
2013-04-17 19:32:19;11.72;521.00;30.80;51.50;30.70;48.70;30.90;52.90;193221.000;1536.7741;S;05604.3088;W;2;8;1.03;160.8;M;
2013-04-17 19:32:24;11.72;521.00;30.70;51.50;30.60;48.50;30.70;52.90;193226.000;1536.7722;S;05604.3065;W;2;9;0.90;161.6;M;
2013-04-17 19:32:29;11.72;521.00;30.70;51.80;30.60;50.00;30.80;53.80;193231.000;1536.7698;S;05604.3037;W;2;9;0.90;162.3;M;
2013-04-17 19:32:34;11.73;521.00;30.60;52.30;30.50;50.40;30.70;53.90;193236.000;1536.7680;S;05604.3006;W;2;9;0.90;162.1;M;
2013-04-17 19:32:39;11.73;522.00;30.60;52.90;30.50;51.00;30.60;54.60;193241.000;1536.7662;S;05604.2981;W;2;10;0.83;161.8;M;
2013-04-17 19:32:44;11.72;522.00;30.60;53.20;30.50;51.50;30.60;55.10;193246.000;1536.7654;S;05604.2958;W;2;10;0.83;163.0;M;
2013-04-17 19:32:49;11.72;522.00;30.50;53.70;30.40;52.10;30.60;55.50;193251.000;1536.7653;S;05604.2925;W;2;10;0.83;163.9;M;
2013-04-17 19:32:54;11.72;523.00;30.50;53.80;30.40;51.60;30.50;54.40;193256.000;1536.7661;S;05604.2896;W;2;9;0.90;164.3;M;
2013-04-17 19:32:59;11.73;524.00;30.50;53.60;30.40;50.50;30.50;54.40;193301.000;1536.7671;S;05604.2872;W;2;10;0.83;164.3;M;
2013-04-17 19:33:04;11.72;523.00;30.50;53.30;30.40;50.50;30.50;54.50;193306.000;1536.7669;S;05604.2839;W;2;10;0.83;164.5;M;
2013-04-17 19:33:09;11.70;523.00;30.60;53.30;30.60;50.40;30.70;54.50;193311.000;1536.7658;S;05604.2809;W;2;10;0.83;164.5;M;
2013-04-17 19:33:14;11.72;523.00;30.60;53.10;30.60;50.00;30.80;54.20;193316.000;1536.7637;S;05604.2782;W;2;9;0.90;164.7;M;
2013-04-17 19:33:19;11.72;523.00;30.70;52.90;30.60;49.40;30.80;53.30;193321.000;1536.7620;S;05604.2753;W;2;10;0.83;166.1;M;
2013-04-17 19:33:24;11.72;524.00;30.70;52.60;30.60;49.40;30.70;53.40;193326.000;1536.7604;S;05604.2729;W;2;9;0.90;166.2;M;
2013-04-17 19:33:29;11.72;524.00;30.60;52.60;30.50;49.90;30.60;53.50;193331.000;1536.7596;S;05604.2694;W;2;9;0.90;165.4;M;
2013-04-17 19:33:34;11.72;524.00;30.60;52.70;30.40;50.30;30.60;54.20;193336.000;1536.7589;S;05604.2667;W;2;9;0.90;165.9;M;
2013-04-17 19:33:39;11.70;523.00;30.60;53.40;30.50;50.80;30.60;54.40;193341.000;1536.7584;S;05604.2636;W;2;10;0.83;166.9;M;
2013-04-17 19:33:44;11.70;523.00;30.80;53.70;30.60;51.10;30.70;55.20;193346.000;1536.7587;S;05604.2606;W;2;10;0.83;166.6;M;
2013-04-17 19:33:49;11.72;524.00;30.80;53.80;30.60;51.50;30.70;54.80;193351.000;1536.7596;S;05604.2576;W;2;10;0.83;167.8;M;
2013-04-17 19:33:54;11.72;524.00;30.80;53.80;30.60;50.80;30.70;53.80;193356.000;1536.7603;S;05604.2545;W;2;10;0.83;167.5;M;
2013-04-17 19:33:59;11.72;524.00;30.80;53.60;30.60;50.50;30.70;53.90;193401.000;1536.7608;S;05604.2514;W;2;10;0.83;168.0;M;
2013-04-17 19:34:04;11.70;524.00;30.80;53.50;30.60;50.20;30.80;53.70;193406.000;1536.7615;S;05604.2487;W;2;9;0.96;168.2;M;
2013-04-17 19:34:09;11.70;524.00;30.90;53.30;30.80;50.00;31.00;52.80;193411.000;1536.7620;S;05604.2456;W;2;10;0.83;168.5;M;
2013-04-17 19:34:14;11.70;523.00;31.10;53.10;30.90;48.50;31.10;52.80;193416.000;1536.7623;S;05604.2426;W;2;10;0.83;168.7;M;
2013-04-17 19:34:19;11.73;524.00;31.30;52.70;31.10;49.10;31.10;52.40;193421.000;1536.7631;S;05604.2399;W;2;10;0.83;169.4;M;
2013-04-17 19:34:24;11.73;525.00;31.30;52.10;31.10;48.20;31.00;51.70;193426.000;1536.7636;S;05604.2371;W;2;10;0.83;169.5;M;
2013-04-17 19:34:29;11.72;524.00;31.20;51.60;30.90;47.50;31.00;51.90;193431.000;1536.7642;S;05604.2339;W;2;10;0.83;169.1;M;
2013-04-17 19:34:34;11.70;524.00;31.10;51.60;30.80;48.10;30.90;51.90;193436.000;1536.7648;S;05604.2309;W;2;10;0.83;169.7;M;
2013-04-17 19:34:39;11.72;524.00;30.90;50.90;30.60;48.00;30.70;51.60;193441.000;1536.7652;S;05604.2281;W;2;10;0.83;170.7;M;
2013-04-17 19:34:44;11.70;523.00;30.80;50.70;30.50;47.80;30.60;51.90;193446.000;1536.7661;S;05604.2250;W;2;10;0.83;170.9;M;
2013-04-17 19:34:49;11.67;523.00;30.70;50.80;30.40;48.20;30.60;52.20;193451.000;1536.7668;S;05604.2218;W;2;10;0.83;170.3;M;
2013-04-17 19:34:54;11.67;524.00;30.70;51.10;30.40;48.60;30.60;52.60;193456.000;1536.7675;S;05604.2185;W;2;10;0.83;171.0;M;
2013-04-17 19:34:59;11.61;522.00;30.60;51.40;30.40;48.80;30.60;52.60;193501.000;1536.7681;S;05604.2159;W;2;10;0.83;171.8;M;
2013-04-17 19:35:04;11.60;522.00;30.60;51.50;30.40;49.00;30.60;52.80;193506.000;1536.7685;S;05604.2129;W;2;10;0.83;172.4;M;
2013-04-17 19:35:09;11.67;525.00;30.60;51.80;30.30;49.40;30.60;53.00;193511.000;1536.7692;S;05604.2099;W;2;10;0.83;172.6;M;
2013-04-17 19:35:14;11.70;526.00;30.50;51.90;30.30;49.30;30.50;53.30;193516.000;1536.7701;S;05604.2069;W;2;10;0.83;172.5;M;
2013-04-17 19:35:19;11.70;525.00;30.50;52.00;30.20;49.50;30.50;53.40;193521.000;1536.7705;S;05604.2038;W;2;10;0.83;173.2;M;
2013-04-17 19:35:24;11.69;527.00;30.40;52.10;30.20;49.60;30.40;53.50;193526.000;1536.7712;S;05604.2010;W;2;10;0.83;174.6;M;
2013-04-17 19:35:29;11.69;527.00;30.40;52.20;30.20;49.70;30.40;53.80;193531.000;1536.7719;S;05604.1974;W;2;10;0.83;173.9;M;
2013-04-17 19:35:34;11.70;528.00;30.30;52.40;30.10;49.90;30.40;54.00;193536.000;1536.7720;S;05604.1937;W;2;10;0.83;174.5;M;
2013-04-17 19:35:39;11.72;529.00;30.30;52.60;30.10;50.00;30.40;54.30;193541.000;1536.7725;S;05604.1900;W;2;10;0.83;174.8;M;
2013-04-17 19:35:44;11.72;529.00;30.20;52.90;30.10;50.30;30.40;54.40;193546.000;1536.7735;S;05604.1865;W;2;10;0.83;172.9;M;
2013-04-17 19:35:49;11.70;529.00;30.20;53.20;30.10;50.50;30.30;54.60;193551.000;1536.7758;S;05604.1853;W;2;9;0.90;171.7;M;
2013-04-17 19:35:54;11.70;529.00;30.20;53.40;30.00;50.80;30.40;55.00;193556.000;1536.7761;S;05604.1817;W;2;10;0.83;171.0;M;
2013-04-17 19:35:59;11.72;529.00;30.10;53.70;30.10;51.10;30.40;54.90;193601.000;1536.7761;S;05604.1785;W;2;10;0.83;170.8;M;
2013-04-17 19:36:04;11.73;531.00;30.30;53.60;30.20;50.90;30.50;54.30;193606.000;1536.7744;S;05604.1759;W;2;10;0.83;170.0;M;
2013-04-17 19:36:09;11.72;531.00;30.60;53.40;30.40;50.10;30.80;54.00;193611.000;1536.7723;S;05604.1734;W;2;10;0.83;169.7;M;
2013-04-17 19:36:14;11.72;531.00;30.70;53.30;30.70;50.50;30.80;54.70;193616.000;1536.7704;S;05604.1710;W;2;10;0.83;169.7;M;
2013-04-17 19:36:19;11.72;532.00;30.90;54.20;30.80;51.60;31.10;55.10;193621.000;1536.7687;S;05604.1684;W;2;10;0.83;170.3;M;
2013-04-17 19:36:24;11.73;532.00;31.00;54.40;30.90;50.70;31.30;54.10;193626.000;1536.7667;S;05604.1660;W;2;10;0.83;170.7;M;
2013-04-17 19:36:29;11.75;533.00;31.20;54.00;31.10;50.90;31.30;54.30;193631.000;1536.7642;S;05604.1635;W;2;10;0.83;170.8;M;
2013-04-17 19:36:34;11.75;533.00;31.30;54.20;31.20;50.80;31.40;54.70;193636.000;1536.7620;S;05604.1610;W;2;10;0.83;170.0;M;
2013-04-17 19:36:39;11.75;532.00;31.30;54.30;31.30;50.90;31.50;54.60;193641.000;1536.7602;S;05604.1582;W;2;10;0.83;170.1;M;
2013-04-17 19:36:44;11.73;531.00;31.50;54.10;31.50;50.00;31.70;52.60;193646.000;1536.7583;S;05604.1557;W;2;10;0.83;169.8;M;
2013-04-17 19:36:49;11.73;531.00;31.50;53.10;31.50;48.80;31.80;52.20;193651.000;1536.7561;S;05604.1532;W;2;10;0.83;169.5;M;
2013-04-17 19:36:54;11.73;530.00;31.60;52.40;31.60;48.20;31.80;52.30;193656.000;1536.7542;S;05604.1505;W;2;10;0.83;169.4;M;
2013-04-17 19:36:59;11.75;530.00;31.70;52.20;31.70;48.30;31.90;51.90;193701.000;1536.7521;S;05604.1478;W;2;10;0.83;169.2;M;
2013-04-17 19:37:04;11.73;529.00;31.80;51.90;31.80;48.30;32.00;52.40;193706.000;1536.7500;S;05604.1456;W;2;10;0.83;169.9;M;
2013-04-17 19:37:09;11.73;529.00;31.80;51.90;31.80;48.90;32.00;52.80;193711.000;1536.7482;S;05604.1430;W;2;10;0.83;171.1;M;
2013-04-17 19:37:14;11.73;528.00;31.80;52.00;31.70;49.10;31.80;52.10;193716.000;1536.7461;S;05604.1407;W;2;10;0.83;170.5;M;
2013-04-17 19:37:19;11.73;529.00;31.80;51.70;31.70;48.60;31.80;52.20;193721.000;1536.7435;S;05604.1382;W;2;10;0.83;169.6;M;
2013-04-17 19:37:24;11.75;529.00;31.80;51.80;31.80;48.60;32.00;52.20;193726.000;1536.7417;S;05604.1356;W;2;10;0.83;169.4;M;
2013-04-17 19:37:29;11.75;529.00;31.90;51.40;31.80;47.70;32.00;52.00;193731.000;1536.7402;S;05604.1337;W;2;10;0.83;169.7;M;
2013-04-17 19:37:34;11.73;528.00;31.90;50.90;31.80;47.30;32.00;51.90;193736.000;1536.7374;S;05604.1301;W;2;10;0.83;169.6;M;
2013-04-17 19:37:39;11.73;528.00;31.90;50.70;31.80;47.20;32.20;51.30;193741.000;1536.7351;S;05604.1275;W;2;10;0.83;169.0;M;
2013-04-17 19:37:44;11.73;529.00;32.10;50.90;32.10;47.40;32.40;51.70;193746.000;1536.7326;S;05604.1250;W;2;10;0.83;169.4;M;
2013-04-17 19:37:49;11.76;528.00;32.30;50.80;32.30;47.60;32.60;51.80;193751.000;1536.7302;S;05604.1224;W;2;10;0.83;170.5;M;
2013-04-17 19:37:54;11.76;529.00;32.50;50.70;32.50;47.50;32.60;51.90;193756.000;1536.7282;S;05604.1201;W;2;10;0.83;171.0;M;
2013-04-17 19:37:59;11.75;528.00;32.50;50.60;32.50;47.30;32.60;51.70;193801.000;1536.7259;S;05604.1175;W;2;10;0.83;171.0;M;
2013-04-17 19:38:04;11.75;528.00;32.50;50.60;32.60;47.10;33.00;51.70;193806.000;1536.7238;S;05604.1155;W;2;10;0.83;171.1;M;
2013-04-17 19:38:09;11.75;529.00;32.70;50.40;32.80;47.00;33.10;51.50;193811.000;1536.7230;S;05604.1139;W;2;10;0.83;171.6;M;
2013-04-17 19:38:14;11.75;527.00;32.80;50.20;33.00;47.20;33.30;51.90;193816.000;1536.7204;S;05604.1102;W;2;9;0.83;171.8;M;
2013-04-17 19:38:19;11.75;528.00;33.00;50.70;33.10;46.90;33.40;51.40;193821.000;1536.7187;S;05604.1066;W;2;10;0.83;170.6;M;
2013-04-17 19:38:24;11.75;527.00;33.10;51.00;33.30;47.70;33.30;51.30;193826.000;1536.7160;S;05604.1035;W;2;10;0.83;169.2;M;
2013-04-17 19:38:29;11.75;527.00;33.30;50.70;33.40;46.60;33.70;50.60;193831.000;1536.7140;S;05604.1009;W;2;10;0.83;168.3;M;
2013-04-17 19:38:34;11.73;526.00;33.30;50.30;33.60;46.50;33.80;49.50;193836.000;1536.7120;S;05604.0980;W;2;10;0.83;167.9;M;
2013-04-17 19:38:39;11.75;526.00;33.50;49.30;33.70;45.00;33.80;48.80;193841.000;1536.7106;S;05604.0958;W;2;10;0.83;167.7;M;
2013-04-17 19:38:44;11.75;525.00;33.60;48.90;33.80;44.40;34.00;49.20;193846.000;1536.7078;S;05604.0930;W;2;10;0.83;167.1;M;
2013-04-17 19:38:49;11.75;525.00;33.70;48.60;33.90;44.20;34.00;49.30;193851.000;1536.7055;S;05604.0906;W;2;10;0.83;167.2;M;
2013-04-17 19:38:54;11.73;523.00;33.70;48.20;34.00;44.00;34.10;47.30;193856.000;1536.7030;S;05604.0878;W;2;10;0.83;166.5;M;
2013-04-17 19:38:59;11.73;524.00;33.70;47.40;34.00;43.20;34.10;47.10;193901.000;1536.7016;S;05604.0854;W;2;10;0.83;165.7;M;
2013-04-17 19:39:04;11.73;524.00;33.70;47.20;34.10;43.20;34.10;47.20;193906.000;1536.6996;S;05604.0833;W;2;10;0.83;165.7;M;
2013-04-17 19:39:09;11.75;524.00;33.80;47.10;34.20;43.30;34.00;47.40;193911.000;1536.6978;S;05604.0809;W;2;10;0.83;165.5;M;
2013-04-17 19:39:14;11.75;524.00;33.80;46.90;34.10;43.50;33.80;47.70;193916.000;1536.6957;S;05604.0783;W;2;10;0.83;164.7;M;
2013-04-17 19:39:19;11.75;523.00;33.80;46.80;34.10;43.30;33.70;47.50;193921.000;1536.6940;S;05604.0761;W;2;9;0.93;164.7;M;
2013-04-17 19:39:24;11.73;522.00;33.70;46.70;34.00;43.00;33.70;47.40;193926.000;1536.6936;S;05604.0746;W;2;10;0.83;163.8;M;
2013-04-17 19:39:29;11.75;523.00;33.60;46.80;33.90;42.60;33.80;47.20;193931.000;1536.6917;S;05604.0720;W;2;10;0.83;163.9;M;
2013-04-17 19:39:34;11.75;524.00;33.70;46.50;34.10;42.70;33.90;47.00;193936.000;1536.6892;S;05604.0683;W;2;10;0.83;164.9;M;
2013-04-17 19:39:39;11.75;524.00;33.90;46.30;34.20;42.40;33.70;47.30;193941.000;1536.6860;S;05604.0658;W;2;10;0.83;167.7;M;
2013-04-17 19:39:44;11.75;524.00;33.80;46.60;34.00;43.40;33.60;47.90;193946.000;1536.6836;S;05604.0630;W;2;10;0.83;167.5;M;
2013-04-17 19:39:49;11.75;523.00;33.60;47.10;33.90;43.30;33.50;48.70;193951.000;1536.6813;S;05604.0606;W;2;10;0.83;167.6;M;
2013-04-17 19:39:54;11.73;523.00;33.60;47.40;33.80;43.20;33.50;48.80;193956.000;1536.6789;S;05604.0580;W;2;10;0.83;167.3;M;
2013-04-17 19:39:59;11.75;524.00;33.50;47.80;33.80;43.70;33.50;49.60;194001.000;1536.6767;S;05604.0555;W;2;10;0.83;166.7;M;
2013-04-17 19:40:04;11.75;525.00;33.60;48.00;33.80;43.50;33.60;49.00;194006.000;1536.6743;S;05604.0530;W;2;10;0.83;167.2;M;
2013-04-17 19:40:09;11.75;524.00;33.70;47.90;33.80;43.30;33.60;49.80;194011.000;1536.6723;S;05604.0502;W;2;10;0.83;168.6;M;
2013-04-17 19:40:14;11.75;524.00;33.70;48.30;33.80;44.10;33.60;49.40;194016.000;1536.6704;S;05604.0475;W;2;9;0.97;168.8;M;
2013-04-17 19:40:19;11.73;524.00;33.70;48.70;33.80;44.30;33.60;49.60;194021.000;1536.6681;S;05604.0444;W;2;10;0.83;168.8;M;
2013-04-17 19:40:24;11.75;524.00;33.70;49.70;33.80;45.60;33.70;50.90;194026.000;1536.6660;S;05604.0418;W;2;10;0.83;167.9;M;
2013-04-17 19:40:29;11.75;526.00;33.60;50.20;33.80;46.10;33.70;50.40;194031.000;1536.6641;S;05604.0395;W;2;9;0.97;168.6;M;
2013-04-17 19:40:34;11.75;524.00;33.60;49.80;33.70;45.90;33.60;49.60;194036.000;1536.6618;S;05604.0366;W;2;9;0.97;169.7;M;
2013-04-17 19:40:39;11.73;525.00;33.50;49.30;33.70;44.60;33.30;48.30;194041.000;1536.6599;S;05604.0338;W;2;10;0.83;170.1;M;
2013-04-17 19:40:44;11.73;524.00;33.20;48.10;33.40;43.40;33.00;48.00;194046.000;1536.6576;S;05604.0310;W;2;9;0.97;169.8;M;
2013-04-17 19:40:49;11.73;525.00;33.10;47.70;33.30;43.30;33.00;48.20;194051.000;1536.6552;S;05604.0289;W;2;9;0.97;170.1;M;
2013-04-17 19:40:54;11.73;526.00;33.20;47.50;33.20;43.50;32.90;47.80;194056.000;1536.6534;S;05604.0266;W;2;9;0.97;169.7;M;
2013-04-17 19:40:59;11.75;527.00;33.30;47.20;33.30;43.30;33.10;48.30;194101.000;1536.6514;S;05604.0239;W;2;9;0.97;169.3;M;
2013-04-17 19:41:04;11.75;527.00;33.40;47.00;33.40;43.10;33.30;48.10;194106.000;1536.6499;S;05604.0215;W;2;9;0.97;169.2;M;
2013-04-17 19:41:09;11.73;527.00;33.50;47.10;33.50;43.10;33.30;48.10;194111.000;1536.6482;S;05604.0188;W;2;8;1.13;168.5;M;
2013-04-17 19:41:14;11.73;526.00;33.50;46.70;33.60;42.80;33.40;47.80;194116.000;1536.6464;S;05604.0161;W;2;8;1.13;168.2;M;
2013-04-17 19:41:19;11.73;528.00;33.60;46.90;33.60;43.60;33.60;47.90;194121.000;1536.6443;S;05604.0140;W;2;9;0.93;168.7;M;
2013-04-17 19:41:24;11.73;528.00;33.70;46.80;33.70;43.10;33.60;48.80;194126.000;1536.6427;S;05604.0120;W;2;9;0.97;168.9;M;
2013-04-17 19:41:29;11.73;528.00;33.60;47.40;33.70;43.50;33.70;48.60;194131.000;1536.6406;S;05604.0093;W;2;9;0.93;169.3;M;
2013-04-17 19:41:34;11.73;527.00;33.60;47.40;33.80;43.50;33.80;48.20;194136.000;1536.6389;S;05604.0074;W;2;10;0.83;170.1;M;
2013-04-17 19:41:39;11.73;528.00;33.70;47.10;33.80;43.10;33.70;48.30;194141.000;1536.6374;S;05604.0053;W;2;9;0.93;170.8;M;
2013-04-17 19:41:44;11.73;528.00;33.80;47.00;33.90;42.60;33.60;46.70;194146.000;1536.6353;S;05604.0031;W;2;10;0.83;171.4;M;
2013-04-17 19:41:49;11.75;528.00;33.80;46.50;33.80;42.20;33.60;47.00;194151.000;1536.6332;S;05604.0000;W;2;10;0.83;172.4;M;
2013-04-17 19:41:54;11.75;528.00;33.80;46.10;33.80;41.80;33.40;46.50;194156.000;1536.6314;S;05603.9978;W;2;10;0.83;172.6;M;
2013-04-17 19:41:59;11.73;528.00;33.90;45.60;33.80;41.40;33.50;46.90;194201.000;1536.6294;S;05603.9954;W;2;10;0.83;172.5;M;
2013-04-17 19:42:04;11.72;528.00;34.00;46.10;33.90;41.70;33.40;47.00;194206.000;1536.6272;S;05603.9927;W;2;10;0.83;172.3;M;
2013-04-17 19:42:09;11.73;529.00;33.90;45.50;33.90;42.00;33.50;46.90;194211.000;1536.6249;S;05603.9900;W;2;10;0.83;171.8;M;
2013-04-17 19:42:14;11.73;529.00;34.00;45.90;33.90;42.10;33.50;46.60;194216.000;1536.6232;S;05603.9880;W;2;10;0.83;171.3;M;
2013-04-17 19:42:19;11.73;529.00;34.00;46.30;34.00;42.70;33.20;46.40;194221.000;1536.6215;S;05603.9860;W;2;10;0.83;171.9;M;
2013-04-17 19:42:24;11.72;530.00;33.90;45.30;33.80;41.50;32.70;45.80;194226.000;1536.6194;S;05603.9833;W;2;10;0.83;171.3;M;
2013-04-17 19:42:29;11.72;530.00;33.70;45.20;33.50;41.90;32.60;46.20;194231.000;1536.6170;S;05603.9809;W;2;10;0.83;170.4;M;
2013-04-17 19:42:34;11.72;530.00;33.60;45.20;33.40;42.20;32.80;46.50;194236.000;1536.6152;S;05603.9778;W;2;10;0.83;169.0;M;
2013-04-17 19:42:39;11.72;530.00;33.60;45.20;33.40;42.10;32.70;46.60;194241.000;1536.6130;S;05603.9756;W;2;10;0.83;169.6;M;
2013-04-17 19:42:44;11.73;531.00;33.60;45.10;33.50;42.30;32.80;46.90;194246.000;1536.6104;S;05603.9730;W;2;10;0.83;170.9;M;
2013-04-17 19:42:49;11.73;531.00;33.70;45.20;33.60;42.40;32.80;46.90;194251.000;1536.6085;S;05603.9700;W;2;10;0.83;172.0;M;
2013-04-17 19:42:54;11.72;531.00;33.80;45.10;33.60;42.20;33.00;48.00;194256.000;1536.6067;S;05603.9674;W;2;10;0.83;171.4;M;
2013-04-17 19:42:59;11.72;530.00;33.90;45.30;33.70;42.80;33.10;48.40;194301.000;1536.6047;S;05603.9648;W;2;10;0.83;171.1;M;
2013-04-17 19:43:04;11.72;531.00;33.90;45.60;33.80;43.00;33.30;48.90;194306.000;1536.6030;S;05603.9621;W;2;9;0.93;171.2;M;
2013-04-17 19:43:09;11.73;532.00;33.90;45.90;33.80;43.30;33.30;48.30;194311.000;1536.6010;S;05603.9596;W;2;10;0.83;171.1;M;
2013-04-17 19:43:14;11.73;532.00;33.90;46.70;33.70;43.00;33.30;49.00;194316.000;1536.5994;S;05603.9572;W;2;10;0.83;171.8;M;
2013-04-17 19:43:19;11.72;531.00;33.90;46.70;33.70;43.40;33.30;49.60;194321.000;1536.5970;S;05603.9548;W;2;10;0.83;171.3;M;
2013-04-17 19:43:24;11.72;532.00;33.90;47.20;33.70;43.70;33.30;50.60;194326.000;1536.5950;S;05603.9526;W;2;10;0.83;171.6;M;
2013-04-17 19:43:29;11.73;531.00;33.80;47.80;33.60;44.70;33.30;50.00;194331.000;1536.5929;S;05603.9502;W;2;10;0.83;172.1;M;
2013-04-17 19:43:34;11.73;532.00;33.90;48.30;33.60;44.50;33.30;50.20;194336.000;1536.5910;S;05603.9476;W;2;10;0.83;172.4;M;
2013-04-17 19:43:39;11.75;532.00;33.90;48.40;33.60;44.40;33.30;49.70;194341.000;1536.5892;S;05603.9449;W;2;10;0.83;173.3;M;
2013-04-17 19:43:44;11.73;532.00;33.80;48.20;33.60;44.50;33.40;50.40;194346.000;1536.5872;S;05603.9419;W;2;9;0.93;173.5;M;
2013-04-17 19:43:49;11.73;531.00;33.90;48.00;33.70;44.70;33.40;50.40;194351.000;1536.5853;S;05603.9399;W;2;10;0.83;173.1;M;
2013-04-17 19:43:54;11.73;531.00;34.00;48.60;33.70;45.00;33.40;49.50;194356.000;1536.5833;S;05603.9377;W;2;10;0.83;173.1;M;
2013-04-17 19:43:59;11.73;532.00;33.90;47.40;33.70;43.90;33.50;48.80;194401.000;1536.5810;S;05603.9350;W;2;10;0.83;173.0;M;
2013-04-17 19:44:04;11.73;532.00;33.90;46.90;33.70;43.30;33.50;49.10;194406.000;1536.5789;S;05603.9326;W;2;10;0.83;174.3;M;
2013-04-17 19:44:09;11.73;531.00;33.90;46.70;33.70;43.40;33.60;50.30;194411.000;1536.5769;S;05603.9301;W;2;10;0.83;174.0;M;
2013-04-17 19:44:14;11.73;531.00;34.00;47.90;33.70;44.60;33.60;50.30;194416.000;1536.5751;S;05603.9274;W;2;10;0.83;173.7;M;
2013-04-17 19:44:19;11.72;531.00;34.00;48.40;33.70;45.30;33.60;50.30;194421.000;1536.5732;S;05603.9248;W;2;10;0.83;173.5;M;
2013-04-17 19:44:24;11.73;531.00;34.00;48.20;33.80;45.10;33.60;48.70;194426.000;1536.5711;S;05603.9220;W;2;10;0.83;173.8;M;
2013-04-17 19:44:29;11.73;531.00;34.10;48.10;33.80;44.10;33.60;48.80;194431.000;1536.5692;S;05603.9194;W;2;10;0.83;173.6;M;
2013-04-17 19:44:34;11.73;531.00;34.00;47.50;33.70;43.80;33.40;47.90;194436.000;1536.5668;S;05603.9167;W;2;10;0.83;172.8;M;
2013-04-17 19:44:39;11.73;531.00;34.00;47.20;33.50;43.10;33.30;47.40;194441.000;1536.5653;S;05603.9139;W;2;10;0.83;172.3;M;
2013-04-17 19:44:44;11.72;531.00;33.80;46.30;33.30;42.50;33.10;47.20;194446.000;1536.5642;S;05603.9111;W;2;10;0.83;173.1;M;
2013-04-17 19:44:49;11.72;531.00;33.50;45.90;33.00;42.30;33.00;47.40;194451.000;1536.5632;S;05603.9084;W;2;10;0.83;173.5;M;
2013-04-17 19:44:54;11.73;532.00;33.40;45.80;32.90;42.00;32.90;46.40;194456.000;1536.5620;S;05603.9053;W;2;10;0.83;174.3;M;
2013-04-17 19:44:59;11.73;532.00;33.30;45.80;32.80;42.10;32.70;47.00;194501.000;1536.5607;S;05603.9020;W;2;10;0.83;173.9;M;
2013-04-17 19:45:04;11.73;532.00;33.20;45.80;32.70;42.30;32.70;47.30;194506.000;1536.5600;S;05603.8989;W;2;10;0.83;173.7;M;
2013-04-17 19:45:09;11.72;532.00;33.10;45.90;32.60;42.30;32.70;47.90;194511.000;1536.5588;S;05603.8958;W;2;10;0.83;173.2;M;
2013-04-17 19:45:14;11.72;532.00;33.00;46.20;32.70;42.70;32.70;48.50;194516.000;1536.5577;S;05603.8927;W;2;10;0.83;173.6;M;
2013-04-17 19:45:19;11.72;532.00;33.00;46.90;32.70;43.50;32.70;49.00;194521.000;1536.5565;S;05603.8891;W;2;10;0.83;173.7;M;
2013-04-17 19:45:24;11.73;534.00;33.00;47.50;32.70;44.80;32.60;48.60;194526.000;1536.5550;S;05603.8858;W;2;10;0.84;173.3;M;
2013-04-17 19:45:29;11.73;534.00;33.00;47.60;32.70;44.30;32.60;48.50;194531.000;1536.5539;S;05603.8827;W;2;10;0.84;172.5;M;
2013-04-17 19:45:34;11.72;534.00;33.00;47.40;32.70;43.60;32.60;48.30;194536.000;1536.5531;S;05603.8795;W;2;10;0.84;172.3;M;
2013-04-17 19:45:39;11.72;533.00;32.90;46.70;32.70;43.30;32.60;48.40;194541.000;1536.5517;S;05603.8761;W;2;9;0.98;172.5;M;
2013-04-17 19:45:44;11.72;533.00;32.90;46.50;32.60;43.20;32.50;49.30;194546.000;1536.5505;S;05603.8730;W;2;10;0.84;171.9;M;
2013-04-17 19:45:49;11.73;534.00;32.90;46.70;32.60;43.60;32.50;49.50;194551.000;1536.5494;S;05603.8699;W;2;10;0.84;172.4;M;
2013-04-17 19:45:54;11.73;534.00;32.80;47.00;32.60;43.90;32.40;49.60;194556.000;1536.5485;S;05603.8677;W;2;10;0.84;173.6;M;
2013-04-17 19:45:59;11.72;534.00;32.80;46.80;32.50;43.40;32.50;49.40;194601.000;1536.5472;S;05603.8649;W;2;10;0.84;173.8;M;
2013-04-17 19:46:04;11.72;533.00;32.80;46.70;32.60;43.50;32.50;49.10;194606.000;1536.5460;S;05603.8617;W;2;10;0.84;174.0;M;
2013-04-17 19:46:09;11.72;534.00;32.70;46.80;32.50;43.90;32.50;49.20;194611.000;1536.5452;S;05603.8584;W;2;10;0.84;173.7;M;
2013-04-17 19:46:14;11.72;535.00;32.70;46.90;32.50;44.20;32.50;48.80;194616.000;1536.5444;S;05603.8555;W;2;10;0.84;173.4;M;
2013-04-17 19:46:19;11.73;535.00;32.70;46.90;32.40;44.10;32.50;48.70;194621.000;1536.5435;S;05603.8527;W;2;10;0.84;172.8;M;
2013-04-17 19:46:24;11.72;536.00;32.70;46.90;32.50;43.90;32.50;49.10;194626.000;1536.5421;S;05603.8495;W;2;10;0.84;172.5;M;
2013-04-17 19:46:29;11.72;535.00;32.70;46.90;32.50;44.20;32.60;48.60;194631.000;1536.5407;S;05603.8463;W;2;10;0.84;172.8;M;
2013-04-17 19:46:34;11.72;535.00;32.80;47.20;32.60;44.80;32.60;48.30;194636.000;1536.5402;S;05603.8433;W;2;10;0.84;172.9;M;
2013-04-17 19:46:39;11.72;535.00;32.80;47.10;32.60;43.70;32.60;48.40;194641.000;1536.5391;S;05603.8399;W;2;10;0.84;172.5;M;
2013-04-17 19:46:44;11.73;536.00;32.80;47.20;32.70;43.50;32.60;49.00;194646.000;1536.5395;S;05603.8365;W;2;10;0.84;171.4;M;
2013-04-17 19:46:49;11.72;536.00;32.90;47.40;32.70;44.10;32.60;48.90;194651.000;1536.5393;S;05603.8337;W;2;10;0.84;171.2;M;
2013-04-17 19:46:54;11.72;535.00;32.90;47.50;32.70;44.90;32.50;48.90;194656.000;1536.5392;S;05603.8318;W;2;10;0.84;170.9;M;
2013-04-17 19:46:59;11.72;535.00;32.90;47.60;32.70;44.40;32.40;48.90;194701.000;1536.5393;S;05603.8294;W;2;10;0.84;171.6;M;
2013-04-17 19:47:04;11.72;534.00;32.80;47.30;32.50;44.10;32.40;49.00;194706.000;1536.5366;S;05603.8270;W;2;10;0.84;171.3;M;
2013-04-17 19:47:09;11.72;536.00;32.80;47.20;32.60;44.20;32.40;48.90;194711.000;1536.5348;S;05603.8241;W;2;10;0.84;170.2;M;
2013-04-17 19:47:14;11.73;536.00;32.80;46.90;32.50;44.10;32.30;48.50;194716.000;1536.5346;S;05603.8212;W;2;10;0.84;169.7;M;
2013-04-17 19:47:19;11.72;536.00;32.70;46.60;32.40;43.70;32.10;48.50;194721.000;1536.5331;S;05603.8184;W;2;10;0.84;169.5;M;
2013-04-17 19:47:24;11.70;534.00;32.60;46.60;32.40;43.80;32.20;48.60;194726.000;1536.5317;S;05603.8153;W;2;9;0.98;170.0;M;
2013-04-17 19:47:29;11.72;535.00;32.50;46.90;32.30;44.10;32.20;49.30;194731.000;1536.5310;S;05603.8115;W;2;10;0.84;170.5;M;
2013-04-17 19:47:34;11.72;535.00;32.60;47.10;32.40;44.40;32.40;49.30;194736.000;1536.5303;S;05603.8085;W;2;9;0.90;170.8;M;
2013-04-17 19:47:39;11.73;536.00;32.60;47.10;32.40;44.40;32.40;49.50;194741.000;1536.5270;S;05603.8080;W;2;10;0.86;171.1;M;
2013-04-17 19:47:44;11.72;536.00;32.70;47.50;32.60;45.30;32.50;48.90;194746.000;1536.5236;S;05603.8077;W;2;10;0.86;170.4;M;
2013-04-17 19:47:49;11.70;536.00;32.70;47.20;32.70;44.60;32.50;48.80;194751.000;1536.5204;S;05603.8066;W;2;10;0.84;169.6;M;
2013-04-17 19:47:54;11.70;535.00;32.70;47.10;32.70;44.40;32.50;48.20;194756.000;1536.5173;S;05603.8053;W;2;9;0.99;169.8;M;
2013-04-17 19:47:59;11.72;536.00;32.70;46.70;32.60;44.00;32.50;48.40;194801.000;1536.5151;S;05603.8029;W;2;10;0.84;170.1;M;
2013-04-17 19:48:04;11.73;537.00;32.80;46.90;32.80;44.00;32.80;48.80;194806.000;1536.5128;S;05603.8004;W;2;10;0.84;169.9;M;
2013-04-17 19:48:09;11.72;535.00;32.90;46.90;32.90;45.00;32.80;49.40;194811.000;1536.5115;S;05603.7977;W;2;10;0.84;169.9;M;
2013-04-17 19:48:14;11.72;536.00;32.90;47.40;32.90;44.70;32.80;49.60;194816.000;1536.5098;S;05603.7951;W;2;9;0.99;169.7;M;
2013-04-17 19:48:19;11.70;535.00;32.90;48.30;32.80;45.20;32.80;48.60;194821.000;1536.5076;S;05603.7925;W;2;8;1.04;170.6;M;
2013-04-17 19:48:24;11.72;536.00;32.90;48.20;32.80;44.20;32.70;48.90;194826.000;1536.5058;S;05603.7897;W;2;9;0.99;171.2;M;
2013-04-17 19:48:29;11.72;535.00;32.80;47.80;32.70;44.20;32.70;49.00;194831.000;1536.5040;S;05603.7868;W;2;9;0.99;170.9;M;
2013-04-17 19:48:34;11.72;535.00;32.70;47.40;32.60;44.10;32.60;48.40;194836.000;1536.5020;S;05603.7844;W;2;10;0.84;171.1;M;
2013-04-17 19:48:39;11.72;535.00;32.60;47.20;32.60;43.80;32.60;48.30;194841.000;1536.5002;S;05603.7825;W;2;10;0.84;170.5;M;
2013-04-17 19:48:44;11.70;534.00;32.60;47.10;32.50;44.10;32.40;49.30;194846.000;1536.4986;S;05603.7799;W;2;9;0.99;170.1;M;
2013-04-17 19:48:49;11.72;535.00;32.50;47.50;32.50;45.50;32.40;50.20;194851.000;1536.4956;S;05603.7781;W;2;8;1.15;170.2;M;
2013-04-17 19:48:54;11.72;535.00;32.50;47.50;32.40;45.70;32.30;50.20;194856.000;1536.4952;S;05603.7774;W;2;8;1.04;170.5;M;
2013-04-17 19:48:59;11.73;535.00;32.40;48.00;32.40;46.00;32.30;49.60;194901.000;1536.4971;S;05603.7759;W;2;8;1.04;170.9;M;
2013-04-17 19:49:04;11.72;535.00;32.40;48.40;32.40;45.60;32.30;49.70;194906.000;1536.4977;S;05603.7732;W;2;9;0.99;172.4;M;
2013-04-17 19:49:09;11.70;535.00;32.30;48.70;32.30;45.50;32.30;50.00;194911.000;1536.5029;S;05603.7756;W;2;6;1.42;173.8;M;
2013-04-17 19:49:14;11.72;535.00;32.30;48.60;32.30;45.60;32.30;50.00;194916.000;1536.5054;S;05603.7740;W;2;7;1.29;174.4;M;
2013-04-17 19:49:19;11.72;536.00;32.20;48.70;32.30;46.00;32.20;50.10;194921.000;1536.5060;S;05603.7735;W;2;7;1.29;174.8;M;
2013-04-17 19:49:24;11.73;536.00;32.20;48.10;32.10;45.90;32.00;49.90;194926.000;1536.5060;S;05603.7735;W;2;8;1.05;174.8;M;
2013-04-17 19:49:29;11.72;536.00;32.10;47.80;32.00;46.20;32.00;50.00;194931.000;1536.5075;S;05603.7759;W;2;8;1.05;176.5;M;
2013-04-17 19:49:34;11.72;535.00;32.00;48.00;31.90;45.90;31.80;49.90;194936.000;1536.5118;S;05603.7755;W;2;9;0.99;178.2;M;
2013-04-17 19:49:39;11.72;535.00;31.80;47.90;31.90;46.20;31.70;50.30;194941.000;1536.5125;S;05603.7759;W;2;8;1.16;179.1;M;
2013-04-17 19:49:44;11.72;536.00;31.80;48.50;31.80;46.70;31.60;50.80;194946.000;1536.5125;S;05603.7759;W;2;9;0.99;179.1;M;
2013-04-17 19:49:49;11.73;536.00;31.70;48.90;31.70;46.90;31.50;51.00;194951.000;1536.5125;S;05603.7759;W;2;9;0.99;179.1;M;
2013-04-17 19:49:54;11.73;536.00;31.50;49.10;31.60;47.00;31.50;51.10;194956.000;1536.5125;S;05603.7759;W;2;8;1.16;179.1;M;
2013-04-17 19:49:59;11.73;536.00;31.40;49.60;31.60;47.30;31.40;50.50;195001.000;1536.5125;S;05603.7759;W;2;9;0.99;179.1;M;
2013-04-17 19:50:04;11.72;536.00;31.40;50.10;31.50;47.40;31.30;50.40;195006.000;1536.5132;S;05603.7724;W;2;10;0.84;181.3;M;
2013-04-17 19:50:09;11.72;536.00;31.40;50.10;31.50;47.10;31.30;50.40;195011.000;1536.5130;S;05603.7728;W;2;10;0.84;181.3;M;
2013-04-17 19:50:14;11.72;536.00;31.30;50.10;31.40;47.20;31.30;51.00;195016.000;1536.5130;S;05603.7728;W;2;10;0.84;181.3;M;
2013-04-17 19:50:19;11.72;536.00;31.20;50.10;31.40;47.40;31.30;51.10;195021.000;1536.5130;S;05603.7728;W;2;8;1.16;181.3;M;
2013-04-17 19:50:24;11.72;537.00;31.20;50.00;31.30;47.30;31.20;50.80;195026.000;1536.5130;S;05603.7728;W;2;10;0.84;181.3;M;
2013-04-17 19:50:29;11.70;534.00;31.10;49.70;31.30;46.60;31.10;50.80;195031.000;1536.5130;S;05603.7728;W;2;9;0.93;181.3;M;
2013-04-17 19:50:34;11.72;535.00;31.10;49.70;31.20;46.40;31.00;46.50;195036.000;1536.5130;S;05603.7728;W;2;9;0.93;181.3;M;
2013-04-17 19:50:39;11.72;536.00;31.00;48.10;31.20;44.30;30.90;44.70;195041.000;1536.5130;S;05603.7728;W;2;8;1.07;181.3;M;
2013-04-17 19:50:44;11.76;536.00;30.90;46.30;31.00;42.10;30.80;44.40;195046.000;1536.5130;S;05603.7728;W;2;9;0.99;181.3;M;
2013-04-17 19:50:52;11.75;526.00;30.80;44.90;30.90;41.30;30.80;43.90;195055.000;1536.5145;S;05603.7805;W;1;8;1.16;168.6;M;
